date,city,precipitation,month,year
2020-01-01,NYC,0.013333333333333332,1,2020
2020-01-02,NYC,0.0,1,2020
2020-01-03,NYC,0.13444444444444445,1,2020
2020-01-04,NYC,0.2,1,2020
2020-01-05,NYC,0.04,1,2020
2020-01-06,NYC,0.017777777777777778,1,2020
2020-01-07,NYC,0.01,1,2020
2020-01-08,NYC,0.03333333333333333,1,2020
2020-01-09,NYC,0.0011111111111111111,1,2020
2020-01-10,NYC,0.0,1,2020
2020-01-11,NYC,0.0,1,2020
2020-01-12,NYC,0.060000000000000005,1,2020
2020-01-13,NYC,0.003333333333333333,1,2020
2020-01-14,NYC,0.0125,1,2020
2020-01-15,NYC,0.014444444444444446,1,2020
2020-01-16,NYC,0.07111111111111111,1,2020
2020-01-17,NYC,0.0022222222222222222,1,2020
2020-01-18,NYC,0.15444444444444444,1,2020
2020-01-19,NYC,0.40222222222222226,1,2020
2020-01-20,NYC,0.0,1,2020
2020-01-21,NYC,0.0,1,2020
2020-01-22,NYC,0.0,1,2020
2020-01-23,NYC,0.0,1,2020
2020-01-24,NYC,0.0,1,2020
2020-01-25,NYC,0.2677777777777778,1,2020
2020-01-26,NYC,0.63,1,2020
2020-01-27,NYC,0.0011111111111111111,1,2020
2020-01-28,NYC,0.0011111111111111111,1,2020
2020-01-29,NYC,0.0,1,2020
2020-01-30,NYC,0.0,1,2020
2020-01-31,NYC,0.006666666666666666,1,2020
2020-02-01,NYC,0.014444444444444446,2,2020
2020-02-02,NYC,0.0375,2,2020
2020-02-03,NYC,0.03571428571428571,2,2020
2020-02-04,NYC,0.014444444444444446,2,2020
2020-02-05,NYC,0.02,2,2020
2020-02-06,NYC,0.5244444444444444,2,2020
2020-02-07,NYC,0.21888888888888888,2,2020
2020-02-08,NYC,0.0811111111111111,2,2020
2020-02-09,NYC,0.0022222222222222222,2,2020
2020-02-10,NYC,0.15375,2,2020
2020-02-11,NYC,0.5166666666666667,2,2020
2020-02-12,NYC,0.09555555555555556,2,2020
2020-02-13,NYC,0.3844444444444444,2,2020
2020-02-14,NYC,0.08888888888888889,2,2020
2020-02-15,NYC,0.0011111111111111111,2,2020
2020-02-16,NYC,0.0,2,2020
2020-02-17,NYC,0.0,2,2020
2020-02-18,NYC,0.0,2,2020
2020-02-19,NYC,0.005555555555555556,2,2020
2020-02-20,NYC,0.0,2,2020
2020-02-21,NYC,0.0,2,2020
2020-02-22,NYC,0.0,2,2020
2020-02-23,NYC,0.0,2,2020
2020-02-24,NYC,0.0011111111111111111,2,2020
2020-02-25,NYC,0.044444444444444446,2,2020
2020-02-26,NYC,0.14,2,2020
2020-02-27,NYC,0.8155555555555556,2,2020
2020-02-28,NYC,0.0011111111111111111,2,2020
2020-02-29,NYC,0.0,2,2020
2020-03-01,NYC,0.0,3,2020
2020-03-02,NYC,0.0,3,2020
2020-03-03,NYC,0.12444444444444445,3,2020
2020-03-04,NYC,0.23777777777777778,3,2020
2020-03-05,NYC,0.0025,3,2020
2020-03-06,NYC,0.05625,3,2020
2020-03-07,NYC,0.06125,3,2020
2020-03-08,NYC,0.00125,3,2020
2020-03-09,NYC,0.0,3,2020
2020-03-10,NYC,0.0,3,2020
2020-03-11,NYC,0.0,3,2020
2020-03-12,NYC,0.04625,3,2020
2020-03-13,NYC,0.3466666666666667,3,2020
2020-03-14,NYC,0.06666666666666667,3,2020
2020-03-15,NYC,0.0,3,2020
2020-03-16,NYC,0.0,3,2020
2020-03-17,NYC,0.14777777777777779,3,2020
2020-03-18,NYC,0.026666666666666665,3,2020
2020-03-19,NYC,0.9288888888888889,3,2020
2020-03-20,NYC,0.02888888888888889,3,2020
2020-03-21,NYC,0.0,3,2020
2020-03-22,NYC,0.0,3,2020
2020-03-23,NYC,0.4475,3,2020
2020-03-24,NYC,0.8144444444444444,3,2020
2020-03-25,NYC,0.0044444444444444444,3,2020
2020-03-26,NYC,0.0011111111111111111,3,2020
2020-03-27,NYC,0.0011111111111111111,3,2020
2020-03-28,NYC,0.12444444444444445,3,2020
2020-03-29,NYC,0.3566666666666667,3,2020
2020-03-30,NYC,0.07333333333333333,3,2020
2020-03-31,NYC,0.05888888888888889,3,2020
2020-04-01,NYC,0.0,4,2020
2020-04-02,NYC,0.0,4,2020
2020-04-03,NYC,0.06777777777777777,4,2020
2020-04-04,NYC,0.05777777777777778,4,2020
2020-04-05,NYC,0.0022222222222222222,4,2020
2020-04-06,NYC,0.08444444444444445,4,2020
2020-04-07,NYC,0.0,4,2020
2020-04-08,NYC,0.1711111111111111,4,2020
2020-04-09,NYC,0.07666666666666666,4,2020
2020-04-10,NYC,0.18555555555555556,4,2020
2020-04-11,NYC,0.008888888888888889,4,2020
2020-04-12,NYC,0.0,4,2020
2020-04-13,NYC,0.819,4,2020
2020-04-14,NYC,0.7390000000000001,4,2020
2020-04-15,NYC,0.019,4,2020
2020-04-16,NYC,0.001,4,2020
2020-04-17,NYC,0.012,4,2020
2020-04-18,NYC,0.213,4,2020
2020-04-19,NYC,0.043,4,2020
2020-04-20,NYC,0.0,4,2020
2020-04-21,NYC,0.073,4,2020
2020-04-22,NYC,0.215,4,2020
2020-04-23,NYC,0.035,4,2020
2020-04-24,NYC,0.501,4,2020
2020-04-25,NYC,0.135,4,2020
2020-04-26,NYC,0.07111111111111111,4,2020
2020-04-27,NYC,0.177,4,2020
2020-04-28,NYC,0.019,4,2020
2020-04-29,NYC,0.003,4,2020
2020-04-30,NYC,0.307,4,2020
2020-05-01,NYC,0.40199999999999997,5,2020
2020-05-02,NYC,0.079,5,2020
2020-05-03,NYC,0.122,5,2020
2020-05-04,NYC,0.037,5,2020
2020-05-05,NYC,0.0,5,2020
2020-05-06,NYC,0.013000000000000001,5,2020
2020-05-07,NYC,0.05,5,2020
2020-05-08,NYC,0.10600000000000001,5,2020
2020-05-09,NYC,0.367,5,2020
2020-05-10,NYC,0.003,5,2020
2020-05-11,NYC,0.01,5,2020
2020-05-12,NYC,0.041999999999999996,5,2020
2020-05-13,NYC,0.001,5,2020
2020-05-14,NYC,0.0,5,2020
2020-05-15,NYC,0.052000000000000005,5,2020
2020-05-16,NYC,0.09777777777777778,5,2020
2020-05-17,NYC,0.0,5,2020
2020-05-18,NYC,0.0,5,2020
2020-05-19,NYC,0.0,5,2020
2020-05-20,NYC,0.0,5,2020
2020-05-21,NYC,0.0,5,2020
2020-05-22,NYC,0.015555555555555557,5,2020
2020-05-23,NYC,0.25222222222222224,5,2020
2020-05-24,NYC,0.4766666666666667,5,2020
2020-05-25,NYC,0.008888888888888889,5,2020
2020-05-26,NYC,0.006666666666666666,5,2020
2020-05-27,NYC,0.0,5,2020
2020-05-28,NYC,0.013333333333333334,5,2020
2020-05-29,NYC,0.015555555555555557,5,2020
2020-05-30,NYC,0.06666666666666667,5,2020
2020-05-31,NYC,0.0,5,2020
2020-06-01,NYC,0.0,6,2020
2020-06-02,NYC,0.0,6,2020
2020-06-03,NYC,0.19,6,2020
2020-06-04,NYC,0.36333333333333334,6,2020
2020-06-05,NYC,0.3433333333333333,6,2020
2020-06-06,NYC,0.19777777777777777,6,2020
2020-06-07,NYC,0.17666666666666664,6,2020
2020-06-08,NYC,0.0,6,2020
2020-06-09,NYC,0.0,6,2020
2020-06-10,NYC,0.0,6,2020
2020-06-11,NYC,0.143,6,2020
2020-06-12,NYC,0.378,6,2020
2020-06-13,NYC,0.0,6,2020
2020-06-14,NYC,0.0,6,2020
2020-06-15,NYC,0.0,6,2020
2020-06-16,NYC,0.0,6,2020
2020-06-17,NYC,0.0,6,2020
2020-06-18,NYC,0.0,6,2020
2020-06-19,NYC,0.0,6,2020
2020-06-20,NYC,0.0,6,2020
2020-06-21,NYC,0.0,6,2020
2020-06-22,NYC,0.0,6,2020
2020-06-23,NYC,0.0,6,2020
2020-06-24,NYC,0.0,6,2020
2020-06-25,NYC,0.0,6,2020
2020-06-26,NYC,0.0,6,2020
2020-06-27,NYC,0.073,6,2020
2020-06-28,NYC,0.15363636363636363,6,2020
2020-06-29,NYC,0.15454545454545454,6,2020
2020-06-30,NYC,0.04,6,2020
2020-07-01,NYC,0.1781818181818182,7,2020
2020-07-02,NYC,0.22999999999999998,7,2020
2020-07-03,NYC,0.11499999999999999,7,2020
2020-07-04,NYC,0.386,7,2020
2020-07-05,NYC,0.001,7,2020
2020-07-06,NYC,0.05700000000000001,7,2020
2020-07-07,NYC,0.079,7,2020
2020-07-08,NYC,0.005,7,2020
2020-07-09,NYC,0.225,7,2020
2020-07-10,NYC,0.5509999999999999,7,2020
2020-07-11,NYC,1.0409090909090908,7,2020
2020-07-12,NYC,0.15636363636363637,7,2020
2020-07-13,NYC,0.03,7,2020
2020-07-14,NYC,0.001,7,2020
2020-07-15,NYC,0.003,7,2020
2020-07-16,NYC,0.0,7,2020
2020-07-17,NYC,0.04111111111111111,7,2020
2020-07-18,NYC,0.079,7,2020
2020-07-19,NYC,0.0,7,2020
2020-07-20,NYC,0.0,7,2020
2020-07-21,NYC,0.0,7,2020
2020-07-22,NYC,0.259,7,2020
2020-07-23,NYC,0.24900000000000003,7,2020
2020-07-24,NYC,0.175,7,2020
2020-07-25,NYC,0.15272727272727274,7,2020
2020-07-26,NYC,0.0,7,2020
2020-07-27,NYC,0.0,7,2020
2020-07-28,NYC,0.004545454545454546,7,2020
2020-07-29,NYC,0.0,7,2020
2020-07-30,NYC,0.007272727272727273,7,2020
2020-07-31,NYC,0.748,7,2020
2020-08-01,NYC,0.009,8,2020
2020-08-02,NYC,0.003333333333333333,8,2020
2020-08-03,NYC,0.09200000000000001,8,2020
2020-08-04,NYC,0.30454545454545456,8,2020
2020-08-05,NYC,0.23750000000000002,8,2020
2020-08-06,NYC,0.012727272727272728,8,2020
2020-08-07,NYC,0.1590909090909091,8,2020
2020-08-08,NYC,0.053000000000000005,8,2020
2020-08-09,NYC,0.0009090909090909091,8,2020
2020-08-10,NYC,0.0,8,2020
2020-08-11,NYC,0.006363636363636364,8,2020
2020-08-12,NYC,0.27636363636363637,8,2020
2020-08-13,NYC,0.08454545454545455,8,2020
2020-08-14,NYC,0.06545454545454545,8,2020
2020-08-15,NYC,0.0,8,2020
2020-08-16,NYC,0.09818181818181819,8,2020
2020-08-17,NYC,0.4309090909090909,8,2020
2020-08-18,NYC,0.5618181818181818,8,2020
2020-08-19,NYC,0.11727272727272728,8,2020
2020-08-20,NYC,0.17454545454545453,8,2020
2020-08-21,NYC,0.003,8,2020
2020-08-22,NYC,0.0,8,2020
2020-08-23,NYC,0.009,8,2020
2020-08-24,NYC,0.0,8,2020
2020-08-25,NYC,0.03833333333333334,8,2020
2020-08-26,NYC,0.06916666666666667,8,2020
2020-08-27,NYC,0.15363636363636363,8,2020
2020-08-28,NYC,0.3172727272727273,8,2020
2020-08-29,NYC,0.049090909090909095,8,2020
2020-08-30,NYC,0.06363636363636364,8,2020
2020-08-31,NYC,0.0009090909090909091,8,2020
2020-09-01,NYC,0.18636363636363634,9,2020
2020-09-02,NYC,0.1281818181818182,9,2020
2020-09-03,NYC,0.25181818181818183,9,2020
2020-09-04,NYC,0.3018181818181818,9,2020
2020-09-05,NYC,0.0009090909090909091,9,2020
2020-09-06,NYC,0.0,9,2020
2020-09-07,NYC,0.0,9,2020
2020-09-08,NYC,0.0,9,2020
2020-09-09,NYC,0.0,9,2020
2020-09-10,NYC,1.5491666666666666,9,2020
2020-09-11,NYC,0.465,9,2020
2020-09-12,NYC,0.0022222222222222222,9,2020
2020-09-13,NYC,0.0,9,2020
2020-09-14,NYC,0.0,9,2020
2020-09-15,NYC,0.0,9,2020
2020-09-16,NYC,0.0,9,2020
2020-09-17,NYC,0.0,9,2020
2020-09-18,NYC,0.024545454545454547,9,2020
2020-09-19,NYC,0.0009090909090909091,9,2020
2020-09-20,NYC,0.0,9,2020
2020-09-21,NYC,0.0,9,2020
2020-09-22,NYC,0.0,9,2020
2020-09-23,NYC,0.0,9,2020
2020-09-24,NYC,0.0,9,2020
2020-09-25,NYC,0.0,9,2020
2020-09-26,NYC,0.00818181818181818,9,2020
2020-09-27,NYC,0.00818181818181818,9,2020
2020-09-28,NYC,0.057499999999999996,9,2020
2020-09-29,NYC,0.055833333333333325,9,2020
2020-09-30,NYC,1.0591666666666668,9,2020
2020-10-01,NYC,0.002727272727272727,10,2020
2020-10-02,NYC,0.03272727272727272,10,2020
2020-10-03,NYC,0.020999999999999998,10,2020
2020-10-04,NYC,0.0,10,2020
2020-10-05,NYC,0.001,10,2020
2020-10-06,NYC,0.023,10,2020
2020-10-07,NYC,0.006363636363636364,10,2020
2020-10-08,NYC,0.015,10,2020
2020-10-09,NYC,0.0,10,2020
2020-10-10,NYC,0.0,10,2020
2020-10-11,NYC,0.0,10,2020
2020-10-12,NYC,0.665,10,2020
2020-10-13,NYC,0.49444444444444446,10,2020
2020-10-14,NYC,0.05181818181818181,10,2020
2020-10-15,NYC,0.002727272727272727,10,2020
2020-10-16,NYC,0.2991666666666667,10,2020
2020-10-17,NYC,1.1033333333333333,10,2020
2020-10-18,NYC,0.005,10,2020
2020-10-19,NYC,0.0,10,2020
2020-10-20,NYC,0.035833333333333335,10,2020
2020-10-21,NYC,0.018333333333333333,10,2020
2020-10-22,NYC,0.0036363636363636364,10,2020
2020-10-23,NYC,0.013333333333333334,10,2020
2020-10-24,NYC,0.011818181818181818,10,2020
2020-10-25,NYC,0.004545454545454546,10,2020
2020-10-26,NYC,0.052000000000000005,10,2020
2020-10-27,NYC,0.03333333333333333,10,2020
2020-10-28,NYC,0.12090909090909091,10,2020
2020-10-29,NYC,0.47800000000000004,10,2020
2020-10-30,NYC,1.5408333333333333,10,2020
2020-10-31,NYC,0.19499999999999998,10,2020
2020-11-01,NYC,0.14363636363636365,11,2020
2020-11-02,NYC,0.3790909090909091,11,2020
2020-11-03,NYC,0.004,11,2020
2020-11-04,NYC,0.0018181818181818182,11,2020
2020-11-05,NYC,0.0008333333333333334,11,2020
2020-11-06,NYC,0.0,11,2020
2020-11-07,NYC,0.001,11,2020
2020-11-08,NYC,0.0009090909090909091,11,2020
2020-11-09,NYC,0.0,11,2020
2020-11-10,NYC,0.0,11,2020
2020-11-11,NYC,0.2081818181818182,11,2020
2020-11-12,NYC,0.79,11,2020
2020-11-13,NYC,0.23750000000000002,11,2020
2020-11-14,NYC,0.09416666666666668,11,2020
2020-11-15,NYC,0.07083333333333335,11,2020
2020-11-16,NYC,0.25999999999999995,11,2020
2020-11-17,NYC,0.0007692307692307692,11,2020
2020-11-18,NYC,0.004615384615384615,11,2020
2020-11-19,NYC,0.0,11,2020
2020-11-20,NYC,0.0,11,2020
2020-11-21,NYC,0.0,11,2020
2020-11-22,NYC,0.006923076923076922,11,2020
2020-11-23,NYC,0.6030769230769231,11,2020
2020-11-24,NYC,0.0675,11,2020
2020-11-25,NYC,0.013076923076923078,11,2020
2020-11-26,NYC,0.5736363636363637,11,2020
2020-11-27,NYC,0.04833333333333334,11,2020
2020-11-28,NYC,0.0008333333333333334,11,2020
2020-11-29,NYC,0.0,11,2020
2020-11-30,NYC,0.26999999999999996,11,2020
2020-12-01,NYC,1.0415384615384615,12,2020
2020-12-02,NYC,0.0038461538461538464,12,2020
2020-12-03,NYC,0.0007692307692307692,12,2020
2020-12-04,NYC,0.023846153846153847,12,2020
2020-12-05,NYC,0.9842857142857143,12,2020
2020-12-06,NYC,0.22307692307692306,12,2020
2020-12-07,NYC,0.0015384615384615385,12,2020
2020-12-08,NYC,0.0,12,2020
2020-12-09,NYC,0.004615384615384616,12,2020
2020-12-10,NYC,0.01076923076923077,12,2020
2020-12-11,NYC,0.0,12,2020
2020-12-12,NYC,0.0016666666666666668,12,2020
2020-12-13,NYC,0.01916666666666667,12,2020
2020-12-14,NYC,0.09,12,2020
2020-12-15,NYC,0.20846153846153845,12,2020
2020-12-16,NYC,0.11076923076923076,12,2020
2020-12-17,NYC,0.8411111111111111,12,2020
2020-12-18,NYC,0.045000000000000005,12,2020
2020-12-19,NYC,0.0,12,2020
2020-12-20,NYC,0.010833333333333334,12,2020
2020-12-21,NYC,0.0375,12,2020
2020-12-22,NYC,0.0008333333333333334,12,2020
2020-12-23,NYC,0.0,12,2020
2020-12-24,NYC,0.035833333333333335,12,2020
2020-12-25,NYC,0.87,12,2020
2020-12-26,NYC,0.11272727272727273,12,2020
2020-12-27,NYC,0.0,12,2020
2020-12-28,NYC,0.0,12,2020
2020-12-29,NYC,0.0008333333333333334,12,2020
2020-12-30,NYC,0.0,12,2020
2020-12-31,NYC,0.2872727272727273,12,2020
2021-01-01,NYC,0.28833333333333333,1,2021
2021-01-02,NYC,0.47500000000000003,1,2021
2021-01-03,NYC,0.03333333333333333,1,2021
2021-01-04,NYC,0.13599999999999998,1,2021
2021-01-05,NYC,0.0008333333333333334,1,2021
2021-01-06,NYC,0.0,1,2021
2021-01-07,NYC,0.0,1,2021
2021-01-08,NYC,0.0,1,2021
2021-01-09,NYC,0.0,1,2021
2021-01-10,NYC,0.0,1,2021
2021-01-11,NYC,0.0,1,2021
2021-01-12,NYC,0.0,1,2021
2021-01-13,NYC,0.0,1,2021
2021-01-14,NYC,0.0,1,2021
2021-01-15,NYC,0.07833333333333332,1,2021
2021-01-16,NYC,1.0915384615384616,1,2021
2021-01-17,NYC,0.0038461538461538464,1,2021
2021-01-18,NYC,0.0,1,2021
2021-01-19,NYC,0.0,1,2021
2021-01-20,NYC,0.016153846153846154,1,2021
2021-01-21,NYC,0.0038461538461538464,1,2021
2021-01-22,NYC,0.0007692307692307692,1,2021
2021-01-23,NYC,0.0,1,2021
2021-01-24,NYC,0.0,1,2021
2021-01-25,NYC,0.0,1,2021
2021-01-26,NYC,0.02,1,2021
2021-01-27,NYC,0.13923076923076924,1,2021
2021-01-28,NYC,0.0015384615384615385,1,2021
2021-01-29,NYC,0.0,1,2021
2021-01-30,NYC,0.0,1,2021
2021-01-31,NYC,0.017272727272727273,1,2021
2021-02-01,NYC,0.6633333333333334,2,2021
2021-02-02,NYC,0.7849999999999999,2,2021
2021-02-03,NYC,0.096,2,2021
2021-02-04,NYC,0.0,2,2021
2021-02-05,NYC,0.009166666666666668,2,2021
2021-02-06,NYC,0.018333333333333333,2,2021
2021-02-07,NYC,0.09727272727272727,2,2021
2021-02-08,NYC,0.267,2,2021
2021-02-09,NYC,0.026363636363636363,2,2021
2021-02-10,NYC,0.015,2,2021
2021-02-11,NYC,0.12333333333333335,2,2021
2021-02-12,NYC,0.0,2,2021
2021-02-13,NYC,0.0007692307692307692,2,2021
2021-02-14,NYC,0.005833333333333334,2,2021
2021-02-15,NYC,0.0016666666666666668,2,2021
2021-02-16,NYC,0.7933333333333333,2,2021
2021-02-17,NYC,0.006153846153846154,2,2021
2021-02-18,NYC,0.13916666666666666,2,2021
2021-02-19,NYC,0.3941666666666667,2,2021
2021-02-20,NYC,0.08083333333333333,2,2021
2021-02-21,NYC,0.0,2,2021
2021-02-22,NYC,0.13333333333333333,2,2021
2021-02-23,NYC,0.41545454545454547,2,2021
2021-02-24,NYC,0.016666666666666666,2,2021
2021-02-25,NYC,0.0,2,2021
2021-02-26,NYC,0.0,2,2021
2021-02-27,NYC,0.18083333333333332,2,2021
2021-02-28,NYC,0.2625,2,2021
2021-03-01,NYC,0.3923076923076923,3,2021
2021-03-02,NYC,0.005,3,2021
2021-03-03,NYC,0.0,3,2021
2021-03-04,NYC,0.0,3,2021
2021-03-05,NYC,0.0,3,2021
2021-03-06,NYC,0.0,3,2021
2021-03-07,NYC,0.0,3,2021
2021-03-08,NYC,0.0,3,2021
2021-03-09,NYC,0.0,3,2021
2021-03-10,NYC,0.0,3,2021
2021-03-11,NYC,0.0,3,2021
2021-03-12,NYC,0.0016666666666666668,3,2021
2021-03-13,NYC,0.0,3,2021
2021-03-14,NYC,0.0,3,2021
2021-03-15,NYC,0.0,3,2021
2021-03-16,NYC,0.0008333333333333334,3,2021
2021-03-17,NYC,0.0,3,2021
2021-03-18,NYC,0.14083333333333334,3,2021
2021-03-19,NYC,0.5766666666666667,3,2021
2021-03-20,NYC,0.0018181818181818182,3,2021
2021-03-21,NYC,0.0,3,2021
2021-03-22,NYC,0.0,3,2021
2021-03-23,NYC,0.0,3,2021
2021-03-24,NYC,0.24545454545454548,3,2021
2021-03-25,NYC,0.5383333333333333,3,2021
2021-03-26,NYC,0.03916666666666667,3,2021
2021-03-27,NYC,0.0025,3,2021
2021-03-28,NYC,0.205,3,2021
2021-03-29,NYC,0.6141666666666666,3,2021
2021-03-30,NYC,0.0033333333333333335,3,2021
2021-03-31,NYC,0.14583333333333334,3,2021
2021-04-01,NYC,0.4475,4,2021
2021-04-02,NYC,0.014166666666666668,4,2021
2021-04-03,NYC,0.0009090909090909091,4,2021
2021-04-04,NYC,0.0,4,2021
2021-04-05,NYC,0.0,4,2021
2021-04-06,NYC,0.0,4,2021
2021-04-07,NYC,0.0,4,2021
2021-04-08,NYC,0.0,4,2021
2021-04-09,NYC,0.0008333333333333334,4,2021
2021-04-10,NYC,0.01,4,2021
2021-04-11,NYC,0.11416666666666668,4,2021
2021-04-12,NYC,0.5191666666666667,4,2021
2021-04-13,NYC,0.26333333333333336,4,2021
2021-04-14,NYC,0.004166666666666667,4,2021
2021-04-15,NYC,0.24250000000000002,4,2021
2021-04-16,NYC,0.8116666666666666,4,2021
2021-04-17,NYC,0.05416666666666667,4,2021
2021-04-18,NYC,0.0016666666666666668,4,2021
2021-04-19,NYC,0.0008333333333333334,4,2021
2021-04-20,NYC,0.00818181818181818,4,2021
2021-04-21,NYC,0.0375,4,2021
2021-04-22,NYC,0.17833333333333334,4,2021
2021-04-23,NYC,0.0027272727272727275,4,2021
2021-04-24,NYC,0.0,4,2021
2021-04-25,NYC,0.46545454545454545,4,2021
2021-04-26,NYC,0.06727272727272728,4,2021
2021-04-27,NYC,0.004545454545454546,4,2021
2021-04-28,NYC,0.007000000000000001,4,2021
2021-04-29,NYC,0.06272727272727273,4,2021
2021-04-30,NYC,0.05545454545454545,4,2021
2021-05-01,NYC,0.015454545454545453,5,2021
2021-05-02,NYC,0.0009090909090909091,5,2021
2021-05-03,NYC,0.10090909090909092,5,2021
2021-05-04,NYC,0.6245454545454545,5,2021
2021-05-05,NYC,0.101,5,2021
2021-05-06,NYC,0.20800000000000002,5,2021
2021-05-07,NYC,0.0018181818181818182,5,2021
2021-05-08,NYC,0.009,5,2021
2021-05-09,NYC,0.16499999999999998,5,2021
2021-05-10,NYC,0.4645454545454546,5,2021
2021-05-11,NYC,0.005454545454545455,5,2021
2021-05-12,NYC,0.0,5,2021
2021-05-13,NYC,0.0,5,2021
2021-05-14,NYC,0.0,5,2021
2021-05-15,NYC,0.0,5,2021
2021-05-16,NYC,0.0009090909090909091,5,2021
2021-05-17,NYC,0.004545454545454546,5,2021
2021-05-18,NYC,0.0008333333333333334,5,2021
2021-05-19,NYC,0.0,5,2021
2021-05-20,NYC,0.0,5,2021
2021-05-21,NYC,0.0,5,2021
2021-05-22,NYC,0.0,5,2021
2021-05-23,NYC,0.0,5,2021
2021-05-24,NYC,0.0,5,2021
2021-05-25,NYC,0.0,5,2021
2021-05-26,NYC,0.04727272727272727,5,2021
2021-05-27,NYC,0.16909090909090907,5,2021
2021-05-28,NYC,0.2608333333333333,5,2021
2021-05-29,NYC,1.3909090909090909,5,2021
2021-05-30,NYC,0.6344444444444445,5,2021
2021-05-31,NYC,0.6227272727272728,5,2021
2021-06-01,NYC,0.005,6,2021
2021-06-02,NYC,0.0,6,2021
2021-06-03,NYC,0.07916666666666668,6,2021
2021-06-04,NYC,0.3466666666666667,6,2021
2021-06-05,NYC,0.23200000000000004,6,2021
2021-06-06,NYC,0.0,6,2021
2021-06-07,NYC,0.007000000000000001,6,2021
2021-06-08,NYC,0.1525,6,2021
2021-06-09,NYC,0.38727272727272727,6,2021
2021-06-10,NYC,0.001,6,2021
2021-06-11,NYC,0.0,6,2021
2021-06-12,NYC,0.0009090909090909091,6,2021
2021-06-13,NYC,0.001,6,2021
2021-06-14,NYC,0.05454545454545454,6,2021
2021-06-15,NYC,0.08583333333333333,6,2021
2021-06-16,NYC,0.0,6,2021
2021-06-17,NYC,0.0,6,2021
2021-06-18,NYC,0.0,6,2021
2021-06-19,NYC,0.060000000000000005,6,2021
2021-06-20,NYC,0.23307692307692307,6,2021
2021-06-21,NYC,0.04692307692307692,6,2021
2021-06-22,NYC,0.08833333333333333,6,2021
2021-06-23,NYC,0.26166666666666666,6,2021
2021-06-24,NYC,0.0015384615384615385,6,2021
2021-06-25,NYC,0.007692307692307693,6,2021
2021-06-26,NYC,0.005384615384615385,6,2021
2021-06-27,NYC,0.006923076923076922,6,2021
2021-06-28,NYC,0.0,6,2021
2021-06-29,NYC,0.0,6,2021
2021-06-30,NYC,0.0625,6,2021
2021-07-01,NYC,0.2969230769230769,7,2021
2021-07-02,NYC,0.8376923076923077,7,2021
2021-07-03,NYC,0.8523076923076923,7,2021
2021-07-04,NYC,0.34076923076923077,7,2021
2021-07-05,NYC,0.006153846153846154,7,2021
2021-07-06,NYC,0.105,7,2021
2021-07-07,NYC,0.2576923076923077,7,2021
2021-07-08,NYC,0.23857142857142857,7,2021
2021-07-09,NYC,2.3664285714285715,7,2021
2021-07-10,NYC,0.6021428571428571,7,2021
2021-07-11,NYC,0.007857142857142858,7,2021
2021-07-12,NYC,0.22642857142857142,7,2021
2021-07-13,NYC,0.11692307692307692,7,2021
2021-07-14,NYC,0.01,7,2021
2021-07-15,NYC,0.0014285714285714286,7,2021
2021-07-16,NYC,0.0,7,2021
2021-07-17,NYC,0.10833333333333334,7,2021
2021-07-18,NYC,0.24769230769230768,7,2021
2021-07-19,NYC,0.014166666666666668,7,2021
2021-07-20,NYC,0.01769230769230769,7,2021
2021-07-21,NYC,0.07615384615384616,7,2021
2021-07-22,NYC,0.12692307692307692,7,2021
2021-07-23,NYC,0.008461538461538461,7,2021
2021-07-24,NYC,0.008461538461538461,7,2021
2021-07-25,NYC,0.2784615384615385,7,2021
2021-07-26,NYC,0.7142857142857143,7,2021
2021-07-27,NYC,0.005,7,2021
2021-07-28,NYC,0.1842857142857143,7,2021
2021-07-29,NYC,0.07230769230769231,7,2021
2021-07-30,NYC,0.20642857142857143,7,2021
2021-07-31,NYC,0.002142857142857143,7,2021
2021-08-01,NYC,0.009285714285714286,8,2021
2021-08-02,NYC,0.04357142857142857,8,2021
2021-08-03,NYC,0.0016666666666666668,8,2021
2021-08-04,NYC,0.0,8,2021
2021-08-05,NYC,0.01076923076923077,8,2021
2021-08-06,NYC,0.0025,8,2021
2021-08-07,NYC,0.0,8,2021
2021-08-08,NYC,0.28153846153846157,8,2021
2021-08-09,NYC,0.4815384615384615,8,2021
2021-08-10,NYC,0.1907142857142857,8,2021
2021-08-11,NYC,0.16999999999999998,8,2021
2021-08-12,NYC,0.1076923076923077,8,2021
2021-08-13,NYC,0.0071428571428571435,8,2021
2021-08-14,NYC,0.0007142857142857143,8,2021
2021-08-15,NYC,0.0007142857142857143,8,2021
2021-08-16,NYC,0.0,8,2021
2021-08-17,NYC,0.0,8,2021
2021-08-18,NYC,0.0,8,2021
2021-08-19,NYC,0.2323076923076923,8,2021
2021-08-20,NYC,0.0014285714285714286,8,2021
2021-08-21,NYC,0.5407692307692308,8,2021
2021-08-22,NYC,1.8008333333333333,8,2021
2021-08-23,NYC,2.795,8,2021
2021-08-24,NYC,0.38083333333333336,8,2021
2021-08-25,NYC,0.0,8,2021
2021-08-26,NYC,0.0,8,2021
2021-08-27,NYC,0.05846153846153846,8,2021
2021-08-28,NYC,0.5176923076923077,8,2021
2021-08-29,NYC,0.16999999999999998,8,2021
2021-08-30,NYC,0.02153846153846154,8,2021
2021-08-31,NYC,0.0025,8,2021
2021-09-01,NYC,0.9246153846153846,9,2021
2021-09-02,NYC,4.2446153846153845,9,2021
2021-09-03,NYC,0.0007142857142857143,9,2021
2021-09-04,NYC,0.0,9,2021
2021-09-05,NYC,0.006153846153846154,9,2021
2021-09-06,NYC,0.05142857142857143,9,2021
2021-09-07,NYC,0.0,9,2021
2021-09-08,NYC,0.0,9,2021
2021-09-09,NYC,0.17857142857142858,9,2021
2021-09-10,NYC,0.1685714285714286,9,2021
2021-09-11,NYC,0.002142857142857143,9,2021
2021-09-12,NYC,0.0,9,2021
2021-09-13,NYC,0.024285714285714282,9,2021
2021-09-14,NYC,0.05714285714285715,9,2021
2021-09-15,NYC,0.0014285714285714286,9,2021
2021-09-16,NYC,0.01,9,2021
2021-09-17,NYC,0.0064285714285714285,9,2021
2021-09-18,NYC,0.022307692307692306,9,2021
2021-09-19,NYC,0.0023076923076923075,9,2021
2021-09-20,NYC,0.0,9,2021
2021-09-21,NYC,0.008571428571428572,9,2021
2021-09-22,NYC,0.02428571428571429,9,2021
2021-09-23,NYC,0.17500000000000002,9,2021
2021-09-24,NYC,1.499285714285714,9,2021
2021-09-25,NYC,0.0071428571428571435,9,2021
2021-09-26,NYC,0.0,9,2021
2021-09-27,NYC,0.0,9,2021
2021-09-28,NYC,0.03071428571428572,9,2021
2021-09-29,NYC,0.11153846153846153,9,2021
2021-09-30,NYC,0.0008333333333333334,9,2021
2021-10-01,NYC,0.0,10,2021
2021-10-02,NYC,0.0,10,2021
2021-10-03,NYC,0.0,10,2021
2021-10-04,NYC,0.06909090909090909,10,2021
2021-10-05,NYC,0.11153846153846153,10,2021
2021-10-06,NYC,0.011538461538461537,10,2021
2021-10-07,NYC,0.0025,10,2021
2021-10-08,NYC,0.0,10,2021
2021-10-09,NYC,0.0,10,2021
2021-10-10,NYC,0.049999999999999996,10,2021
2021-10-11,NYC,0.09500000000000001,10,2021
2021-10-12,NYC,0.0,10,2021
2021-10-13,NYC,0.0,10,2021
2021-10-14,NYC,0.0008333333333333334,10,2021
2021-10-15,NYC,0.0,10,2021
2021-10-16,NYC,0.05454545454545454,10,2021
2021-10-17,NYC,0.17166666666666666,10,2021
2021-10-18,NYC,0.019230769230769232,10,2021
2021-10-19,NYC,0.003076923076923077,10,2021
2021-10-20,NYC,0.0007692307692307692,10,2021
2021-10-21,NYC,0.0,10,2021
2021-10-22,NYC,0.0,10,2021
2021-10-23,NYC,0.015000000000000001,10,2021
2021-10-24,NYC,0.038571428571428576,10,2021
2021-10-25,NYC,0.09357142857142857,10,2021
2021-10-26,NYC,2.1128571428571425,10,2021
2021-10-27,NYC,2.027857142857143,10,2021
2021-10-28,NYC,0.005714285714285714,10,2021
2021-10-29,NYC,0.09249999999999999,10,2021
2021-10-30,NYC,0.43153846153846154,10,2021
2021-10-31,NYC,0.1676923076923077,10,2021
2021-11-01,NYC,0.00923076923076923,11,2021
2021-11-02,NYC,0.003076923076923077,11,2021
2021-11-03,NYC,0.015000000000000001,11,2021
2021-11-04,NYC,0.0007142857142857143,11,2021
2021-11-05,NYC,0.0,11,2021
2021-11-06,NYC,0.0,11,2021
2021-11-07,NYC,0.0,11,2021
2021-11-08,NYC,0.0,11,2021
2021-11-09,NYC,0.0,11,2021
2021-11-10,NYC,0.0,11,2021
2021-11-11,NYC,0.0007142857142857143,11,2021
2021-11-12,NYC,0.09,11,2021
2021-11-13,NYC,0.42928571428571427,11,2021
2021-11-14,NYC,0.1758333333333333,11,2021
2021-11-15,NYC,0.04076923076923077,11,2021
2021-11-16,NYC,0.005714285714285714,11,2021
2021-11-17,NYC,0.0,11,2021
2021-11-18,NYC,0.012142857142857141,11,2021
2021-11-19,NYC,0.115,11,2021
2021-11-20,NYC,0.0007142857142857143,11,2021
2021-11-21,NYC,0.0007142857142857143,11,2021
2021-11-22,NYC,0.07571428571428572,11,2021
2021-11-23,NYC,0.013571428571428571,11,2021
2021-11-24,NYC,0.0,11,2021
2021-11-25,NYC,0.0008333333333333334,11,2021
2021-11-26,NYC,0.13384615384615384,11,2021
2021-11-27,NYC,0.03230769230769231,11,2021
2021-11-28,NYC,0.0015384615384615385,11,2021
2021-11-29,NYC,0.0015384615384615385,11,2021
2021-11-30,NYC,0.0,11,2021
2021-12-01,NYC,0.0007142857142857143,12,2021
2021-12-02,NYC,0.038571428571428576,12,2021
2021-12-03,NYC,0.00923076923076923,12,2021
2021-12-04,NYC,0.0,12,2021
2021-12-05,NYC,0.0,12,2021
2021-12-06,NYC,0.3261538461538462,12,2021
2021-12-07,NYC,0.05692307692307692,12,2021
2021-12-08,NYC,0.012307692307692308,12,2021
2021-12-09,NYC,0.030000000000000002,12,2021
2021-12-10,NYC,0.0038461538461538464,12,2021
2021-12-11,NYC,0.09076923076923078,12,2021
2021-12-12,NYC,0.08846153846153845,12,2021
2021-12-13,NYC,0.0007142857142857143,12,2021
2021-12-14,NYC,0.0007692307692307692,12,2021
2021-12-15,NYC,0.0,12,2021
2021-12-16,NYC,0.012307692307692308,12,2021
2021-12-17,NYC,0.0,12,2021
2021-12-18,NYC,0.03142857142857143,12,2021
2021-12-19,NYC,0.10142857142857142,12,2021
2021-12-20,NYC,0.0,12,2021
2021-12-21,NYC,0.0014285714285714286,12,2021
2021-12-22,NYC,0.1523076923076923,12,2021
2021-12-23,NYC,0.007692307692307693,12,2021
2021-12-24,NYC,0.02642857142857143,12,2021
2021-12-25,NYC,0.08166666666666667,12,2021
2021-12-26,NYC,0.10583333333333333,12,2021
2021-12-27,NYC,0.011538461538461537,12,2021
2021-12-28,NYC,0.09166666666666667,12,2021
2021-12-29,NYC,0.21833333333333335,12,2021
2021-12-30,NYC,0.06166666666666667,12,2021
2021-12-31,NYC,0.015,12,2021
2022-01-01,NYC,0.2941666666666667,1,2022
2022-01-02,NYC,0.6341666666666667,1,2022
2022-01-03,NYC,0.00923076923076923,1,2022
2022-01-04,NYC,0.0,1,2022
2022-01-05,NYC,0.098,1,2022
2022-01-06,NYC,0.129,1,2022
2022-01-07,NYC,0.3981818181818182,1,2022
2022-01-08,NYC,0.017272727272727273,1,2022
2022-01-09,NYC,0.022727272727272728,1,2022
2022-01-10,NYC,0.08692307692307691,1,2022
2022-01-11,NYC,0.0,1,2022
2022-01-12,NYC,0.0,1,2022
2022-01-13,NYC,0.0,1,2022
2022-01-14,NYC,0.0,1,2022
2022-01-15,NYC,0.0,1,2022
2022-01-16,NYC,0.09818181818181819,1,2022
2022-01-17,NYC,1.4418181818181817,1,2022
2022-01-18,NYC,0.015,1,2022
2022-01-19,NYC,0.0,1,2022
2022-01-20,NYC,0.19166666666666665,1,2022
2022-01-21,NYC,0.1,1,2022
2022-01-22,NYC,0.0,1,2022
2022-01-23,NYC,0.0033333333333333335,1,2022
2022-01-24,NYC,0.009166666666666667,1,2022
2022-01-25,NYC,0.005,1,2022
2022-01-26,NYC,0.0,1,2022
2022-01-27,NYC,0.0,1,2022
2022-01-28,NYC,0.02076923076923077,1,2022
2022-01-29,NYC,0.4744444444444444,1,2022
2022-01-30,NYC,0.14142857142857143,1,2022
2022-01-31,NYC,0.0,1,2022
2022-02-01,NYC,0.0,2,2022
2022-02-02,NYC,0.0,2,2022
2022-02-03,NYC,0.09384615384615384,2,2022
2022-02-04,NYC,0.6316666666666667,2,2022
2022-02-05,NYC,0.3518181818181818,2,2022
2022-02-06,NYC,0.0,2,2022
2022-02-07,NYC,0.05900000000000001,2,2022
2022-02-08,NYC,0.259,2,2022
2022-02-09,NYC,0.0,2,2022
2022-02-10,NYC,0.0008333333333333334,2,2022
2022-02-11,NYC,0.0,2,2022
2022-02-12,NYC,0.0,2,2022
2022-02-13,NYC,0.152,2,2022
2022-02-14,NYC,0.047,2,2022
2022-02-15,NYC,0.0,2,2022
2022-02-16,NYC,0.0,2,2022
2022-02-17,NYC,0.06666666666666667,2,2022
2022-02-18,NYC,0.5808333333333333,2,2022
2022-02-19,NYC,0.02,2,2022
2022-02-20,NYC,0.00818181818181818,2,2022
2022-02-21,NYC,0.0,2,2022
2022-02-22,NYC,0.04583333333333334,2,2022
2022-02-23,NYC,0.22416666666666665,2,2022
2022-02-24,NYC,0.0008333333333333334,2,2022
2022-02-25,NYC,0.5811111111111111,2,2022
2022-02-26,NYC,0.20299999999999999,2,2022
2022-02-27,NYC,0.0025,2,2022
2022-02-28,NYC,0.0,2,2022
2022-03-01,NYC,0.0,3,2022
2022-03-02,NYC,0.004166666666666667,3,2022
2022-03-03,NYC,0.051000000000000004,3,2022
2022-03-04,NYC,0.0,3,2022
2022-03-05,NYC,0.0,3,2022
2022-03-06,NYC,0.012499999999999999,3,2022
2022-03-07,NYC,0.07583333333333334,3,2022
2022-03-08,NYC,0.063,3,2022
2022-03-09,NYC,0.1375,3,2022
2022-03-10,NYC,0.44416666666666665,3,2022
2022-03-11,NYC,0.002,3,2022
2022-03-12,NYC,0.172,3,2022
2022-03-13,NYC,0.346,3,2022
2022-03-14,NYC,0.00818181818181818,3,2022
2022-03-15,NYC,0.0,3,2022
2022-03-16,NYC,0.002727272727272727,3,2022
2022-03-17,NYC,0.023,3,2022
2022-03-18,NYC,0.11000000000000001,3,2022
2022-03-19,NYC,0.04888888888888889,3,2022
2022-03-20,NYC,0.155,3,2022
2022-03-21,NYC,0.001,3,2022
2022-03-22,NYC,0.0,3,2022
2022-03-23,NYC,0.014000000000000002,3,2022
2022-03-24,NYC,0.5800000000000001,3,2022
2022-03-25,NYC,0.442,3,2022
2022-03-26,NYC,0.005,3,2022
2022-03-27,NYC,0.04454545454545455,3,2022
2022-03-28,NYC,0.0,3,2022
2022-03-29,NYC,0.0,3,2022
2022-03-30,NYC,0.0,3,2022
2022-03-31,NYC,0.016000000000000004,3,2022
2022-04-01,NYC,0.49000000000000005,4,2022
2022-04-02,NYC,0.009,4,2022
2022-04-03,NYC,0.024,4,2022
2022-04-04,NYC,0.09111111111111111,4,2022
2022-04-05,NYC,0.013333333333333332,4,2022
2022-04-06,NYC,0.34700000000000003,4,2022
2022-04-07,NYC,0.315,4,2022
2022-04-08,NYC,0.87,4,2022
2022-04-09,NYC,0.02666666666666667,4,2022
2022-04-10,NYC,0.03222222222222222,4,2022
2022-04-11,NYC,0.0011111111111111111,4,2022
2022-04-12,NYC,0.017777777777777778,4,2022
2022-04-13,NYC,0.034999999999999996,4,2022
2022-04-14,NYC,0.015,4,2022
2022-04-15,NYC,0.08499999999999999,4,2022
2022-04-16,NYC,0.034,4,2022
2022-04-17,NYC,0.10600000000000001,4,2022
2022-04-18,NYC,0.251,4,2022
2022-04-19,NYC,1.42,4,2022
2022-04-20,NYC,0.004,4,2022
2022-04-21,NYC,0.0,4,2022
2022-04-22,NYC,0.0,4,2022
2022-04-23,NYC,0.0,4,2022
2022-04-24,NYC,0.001,4,2022
2022-04-25,NYC,0.0,4,2022
2022-04-26,NYC,0.01,4,2022
2022-04-27,NYC,0.045,4,2022
2022-04-28,NYC,0.0,4,2022
2022-04-29,NYC,0.0,4,2022
2022-04-30,NYC,0.0,4,2022
2022-05-01,NYC,0.0,5,2022
2022-05-02,NYC,0.22090909090909092,5,2022
2022-05-03,NYC,0.06799999999999999,5,2022
2022-05-04,NYC,0.053636363636363635,5,2022
2022-05-05,NYC,0.026363636363636363,5,2022
2022-05-06,NYC,0.16727272727272727,5,2022
2022-05-07,NYC,0.966,5,2022
2022-05-08,NYC,0.6572727272727273,5,2022
2022-05-09,NYC,0.004545454545454546,5,2022
2022-05-10,NYC,0.0,5,2022
2022-05-11,NYC,0.0,5,2022
2022-05-12,NYC,0.0,5,2022
2022-05-13,NYC,0.009,5,2022
2022-05-14,NYC,0.062,5,2022
2022-05-15,NYC,0.12,5,2022
2022-05-16,NYC,0.027000000000000003,5,2022
2022-05-17,NYC,0.093,5,2022
2022-05-18,NYC,0.0009090909090909091,5,2022
2022-05-19,NYC,0.7145454545454546,5,2022
2022-05-20,NYC,0.16099999999999998,5,2022
2022-05-21,NYC,0.24666666666666665,5,2022
2022-05-22,NYC,0.0011111111111111111,5,2022
2022-05-23,NYC,0.03888888888888889,5,2022
2022-05-24,NYC,0.001,5,2022
2022-05-25,NYC,0.0,5,2022
2022-05-26,NYC,0.0009090909090909091,5,2022
2022-05-27,NYC,0.04363636363636363,5,2022
2022-05-28,NYC,0.4345454545454545,5,2022
2022-05-29,NYC,0.3336363636363636,5,2022
2022-05-30,NYC,0.0,5,2022
2022-05-31,NYC,0.0,5,2022
2022-06-01,NYC,0.26363636363636367,6,2022
2022-06-02,NYC,0.7890909090909091,6,2022
2022-06-03,NYC,0.325,6,2022
2022-06-04,NYC,0.002,6,2022
2022-06-05,NYC,0.0,6,2022
2022-06-06,NYC,0.0,6,2022
2022-06-07,NYC,0.014000000000000002,6,2022
2022-06-08,NYC,0.1081818181818182,6,2022
2022-06-09,NYC,0.7609090909090909,6,2022
2022-06-10,NYC,0.0,6,2022
2022-06-11,NYC,0.0,6,2022
2022-06-12,NYC,0.023636363636363636,6,2022
2022-06-13,NYC,0.2772727272727273,6,2022
2022-06-14,NYC,0.0018181818181818182,6,2022
2022-06-15,NYC,0.0,6,2022
2022-06-16,NYC,0.137,6,2022
2022-06-17,NYC,0.1,6,2022
2022-06-18,NYC,0.006666666666666666,6,2022
2022-06-19,NYC,0.0011111111111111111,6,2022
2022-06-20,NYC,0.0,6,2022
2022-06-21,NYC,0.008,6,2022
2022-06-22,NYC,0.136,6,2022
2022-06-23,NYC,0.069,6,2022
2022-06-24,NYC,0.043,6,2022
2022-06-25,NYC,0.001,6,2022
2022-06-26,NYC,0.0,6,2022
2022-06-27,NYC,0.16499999999999998,6,2022
2022-06-28,NYC,0.26999999999999996,6,2022
2022-06-29,NYC,0.0,6,2022
2022-06-30,NYC,0.0,6,2022
2022-07-01,NYC,0.0,7,2022
2022-07-02,NYC,0.03222222222222223,7,2022
2022-07-03,NYC,0.006,7,2022
2022-07-04,NYC,0.0,7,2022
2022-07-05,NYC,0.011,7,2022
2022-07-06,NYC,0.031,7,2022
2022-07-07,NYC,0.001,7,2022
2022-07-08,NYC,0.045454545454545456,7,2022
2022-07-09,NYC,0.02,7,2022
2022-07-10,NYC,0.0,7,2022
2022-07-11,NYC,0.0,7,2022
2022-07-12,NYC,0.0,7,2022
2022-07-13,NYC,0.005454545454545454,7,2022
2022-07-14,NYC,0.0009090909090909091,7,2022
2022-07-15,NYC,0.023636363636363636,7,2022
2022-07-16,NYC,0.11300000000000002,7,2022
2022-07-17,NYC,0.309,7,2022
2022-07-18,NYC,0.23000000000000004,7,2022
2022-07-19,NYC,1.1700000000000002,7,2022
2022-07-20,NYC,0.0,7,2022
2022-07-21,NYC,0.039,7,2022
2022-07-22,NYC,0.29000000000000004,7,2022
2022-07-23,NYC,0.005,7,2022
2022-07-24,NYC,0.0,7,2022
2022-07-25,NYC,0.15000000000000002,7,2022
2022-07-26,NYC,0.148,7,2022
2022-07-27,NYC,0.0,7,2022
2022-07-28,NYC,0.135,7,2022
2022-07-29,NYC,0.01,7,2022
2022-07-30,NYC,0.006,7,2022
2022-07-31,NYC,0.0,7,2022
2022-08-01,NYC,0.298,8,2022
2022-08-02,NYC,0.02181818181818182,8,2022
2022-08-03,NYC,0.0,8,2022
2022-08-04,NYC,0.0,8,2022
2022-08-05,NYC,0.0,8,2022
2022-08-06,NYC,0.0,8,2022
2022-08-07,NYC,0.017,8,2022
2022-08-08,NYC,0.005,8,2022
2022-08-09,NYC,0.026666666666666665,8,2022
2022-08-10,NYC,0.068,8,2022
2022-08-11,NYC,0.063,8,2022
2022-08-12,NYC,0.056363636363636366,8,2022
2022-08-13,NYC,0.0,8,2022
2022-08-14,NYC,0.0,8,2022
2022-08-15,NYC,0.0,8,2022
2022-08-16,NYC,0.0,8,2022
2022-08-17,NYC,0.04272727272727273,8,2022
2022-08-18,NYC,0.023636363636363636,8,2022
2022-08-19,NYC,0.0,8,2022
2022-08-20,NYC,0.0,8,2022
2022-08-21,NYC,0.035454545454545454,8,2022
2022-08-22,NYC,0.023636363636363636,8,2022
2022-08-23,NYC,0.15454545454545454,8,2022
2022-08-24,NYC,0.0,8,2022
2022-08-25,NYC,0.0,8,2022
2022-08-26,NYC,0.026000000000000002,8,2022
2022-08-27,NYC,0.06909090909090909,8,2022
2022-08-28,NYC,0.0,8,2022
2022-08-29,NYC,0.0,8,2022
2022-08-30,NYC,0.028999999999999998,8,2022
2022-08-31,NYC,0.08499999999999999,8,2022
2022-09-01,NYC,0.0,9,2022
2022-09-02,NYC,0.0,9,2022
2022-09-03,NYC,0.0,9,2022
2022-09-04,NYC,0.002727272727272727,9,2022
2022-09-05,NYC,0.028181818181818183,9,2022
2022-09-06,NYC,0.7324999999999999,9,2022
2022-09-07,NYC,0.44,9,2022
2022-09-08,NYC,0.006666666666666667,9,2022
2022-09-09,NYC,0.0,9,2022
2022-09-10,NYC,0.0,9,2022
2022-09-11,NYC,0.04923076923076923,9,2022
2022-09-12,NYC,0.37153846153846154,9,2022
2022-09-13,NYC,0.5861538461538461,9,2022
2022-09-14,NYC,0.02153846153846154,9,2022
2022-09-15,NYC,0.0,9,2022
2022-09-16,NYC,0.0,9,2022
2022-09-17,NYC,0.0,9,2022
2022-09-18,NYC,0.0,9,2022
2022-09-19,NYC,0.013846153846153848,9,2022
2022-09-20,NYC,0.07307692307692308,9,2022
2022-09-21,NYC,0.0007692307692307692,9,2022
2022-09-22,NYC,0.11249999999999999,9,2022
2022-09-23,NYC,0.28692307692307695,9,2022
2022-09-24,NYC,0.0007692307692307692,9,2022
2022-09-25,NYC,0.1630769230769231,9,2022
2022-09-26,NYC,0.35615384615384615,9,2022
2022-09-27,NYC,0.006153846153846154,9,2022
2022-09-28,NYC,0.0,9,2022
2022-09-29,NYC,0.0,9,2022
2022-09-30,NYC,0.0,9,2022
2022-10-01,NYC,0.4809090909090909,10,2022
2022-10-02,NYC,0.142,10,2022
2022-10-03,NYC,0.351,10,2022
2022-10-04,NYC,1.5127272727272727,10,2022
2022-10-05,NYC,0.6363636363636364,10,2022
2022-10-06,NYC,0.3145454545454545,10,2022
2022-10-07,NYC,0.0,10,2022
2022-10-08,NYC,0.05,10,2022
2022-10-09,NYC,0.0,10,2022
2022-10-10,NYC,0.0,10,2022
2022-10-11,NYC,0.0009090909090909091,10,2022
2022-10-12,NYC,0.0,10,2022
2022-10-13,NYC,0.2772727272727273,10,2022
2022-10-14,NYC,0.9854545454545455,10,2022
2022-10-15,NYC,0.0,10,2022
2022-10-16,NYC,0.0,10,2022
2022-10-17,NYC,0.08916666666666666,10,2022
2022-10-18,NYC,0.155,10,2022
2022-10-19,NYC,0.0,10,2022
2022-10-20,NYC,0.0,10,2022
2022-10-21,NYC,0.0,10,2022
2022-10-22,NYC,0.0,10,2022
2022-10-23,NYC,0.004615384615384615,10,2022
2022-10-24,NYC,0.29538461538461536,10,2022
2022-10-25,NYC,0.2976923076923077,10,2022
2022-10-26,NYC,0.008333333333333333,10,2022
2022-10-27,NYC,0.0038461538461538464,10,2022
2022-10-28,NYC,0.0,10,2022
2022-10-29,NYC,0.0,10,2022
2022-10-30,NYC,0.0,10,2022
2022-10-31,NYC,0.022000000000000002,10,2022
2022-11-01,NYC,0.265,11,2022
2022-11-02,NYC,0.009090909090909092,11,2022
2022-11-03,NYC,0.0,11,2022
2022-11-04,NYC,0.0016666666666666668,11,2022
2022-11-05,NYC,0.0,11,2022
2022-11-06,NYC,0.0016666666666666668,11,2022
2022-11-07,NYC,0.015454545454545453,11,2022
2022-11-08,NYC,0.0,11,2022
2022-11-09,NYC,0.0,11,2022
2022-11-10,NYC,0.0,11,2022
2022-11-11,NYC,0.16636363636363638,11,2022
2022-11-12,NYC,0.7583333333333333,11,2022
2022-11-13,NYC,0.0725,11,2022
2022-11-14,NYC,0.03833333333333334,11,2022
2022-11-15,NYC,0.11,11,2022
2022-11-16,NYC,0.5966666666666667,11,2022
2022-11-17,NYC,0.009166666666666667,11,2022
2022-11-18,NYC,0.0025,11,2022
2022-11-19,NYC,0.0033333333333333335,11,2022
2022-11-20,NYC,0.0016666666666666668,11,2022
2022-11-21,NYC,0.0,11,2022
2022-11-22,NYC,0.0,11,2022
2022-11-23,NYC,0.0,11,2022
2022-11-24,NYC,0.0,11,2022
2022-11-25,NYC,0.010833333333333334,11,2022
2022-11-26,NYC,0.028181818181818183,11,2022
2022-11-27,NYC,0.16272727272727272,11,2022
2022-11-28,NYC,0.3936363636363636,11,2022
2022-11-29,NYC,0.0025,11,2022
2022-11-30,NYC,0.10083333333333333,11,2022
2022-12-01,NYC,0.45916666666666667,12,2022
2022-12-02,NYC,0.0008333333333333334,12,2022
2022-12-03,NYC,0.10909090909090909,12,2022
2022-12-04,NYC,0.26999999999999996,12,2022
2022-12-05,NYC,0.0,12,2022
2022-12-06,NYC,0.155,12,2022
2022-12-07,NYC,0.9292307692307692,12,2022
2022-12-08,NYC,0.038461538461538464,12,2022
2022-12-09,NYC,0.0007692307692307692,12,2022
2022-12-10,NYC,0.0,12,2022
2022-12-11,NYC,0.041666666666666664,12,2022
2022-12-12,NYC,0.11363636363636363,12,2022
2022-12-13,NYC,0.0,12,2022
2022-12-14,NYC,0.0,12,2022
2022-12-15,NYC,0.11538461538461539,12,2022
2022-12-16,NYC,0.9216666666666667,12,2022
2022-12-17,NYC,0.29,12,2022
2022-12-18,NYC,0.0025,12,2022
2022-12-19,NYC,0.0,12,2022
2022-12-20,NYC,0.0,12,2022
2022-12-21,NYC,0.0,12,2022
2022-12-22,NYC,0.036666666666666674,12,2022
2022-12-23,NYC,1.1025,12,2022
2022-12-24,NYC,0.096,12,2022
2022-12-25,NYC,0.0,12,2022
2022-12-26,NYC,0.0,12,2022
2022-12-27,NYC,0.0,12,2022
2022-12-28,NYC,0.0,12,2022
2022-12-29,NYC,0.0,12,2022
2022-12-30,NYC,0.0,12,2022
2022-12-31,NYC,0.07416666666666667,12,2022
2023-01-01,NYC,0.26153846153846155,1,2023
2023-01-02,NYC,0.006153846153846154,1,2023
2023-01-03,NYC,0.10230769230769231,1,2023
2023-01-04,NYC,0.2872727272727273,1,2023
2023-01-05,NYC,0.07307692307692308,1,2023
2023-01-06,NYC,0.21636363636363634,1,2023
2023-01-07,NYC,0.029166666666666664,1,2023
2023-01-08,NYC,0.0,1,2023
2023-01-09,NYC,0.013076923076923078,1,2023
2023-01-10,NYC,0.0,1,2023
2023-01-11,NYC,0.0,1,2023
2023-01-12,NYC,0.06615384615384615,1,2023
2023-01-13,NYC,0.32166666666666666,1,2023
2023-01-14,NYC,0.015833333333333335,1,2023
2023-01-15,NYC,0.0,1,2023
2023-01-16,NYC,0.0,1,2023
2023-01-17,NYC,0.0,1,2023
2023-01-18,NYC,0.0175,1,2023
2023-01-19,NYC,0.19153846153846155,1,2023
2023-01-20,NYC,0.7792307692307692,1,2023
2023-01-21,NYC,0.003076923076923077,1,2023
2023-01-22,NYC,0.09923076923076923,1,2023
2023-01-23,NYC,0.6116666666666667,1,2023
2023-01-24,NYC,0.11666666666666665,1,2023
2023-01-25,NYC,0.23500000000000001,1,2023
2023-01-26,NYC,1.2327272727272727,1,2023
2023-01-27,NYC,0.0018181818181818182,1,2023
2023-01-28,NYC,0.005454545454545454,1,2023
2023-01-29,NYC,0.0,1,2023
2023-01-30,NYC,0.0,1,2023
2023-01-31,NYC,0.02909090909090909,1,2023
2023-02-01,NYC,0.032,2,2023
2023-02-02,NYC,0.0,2,2023
2023-02-03,NYC,0.0,2,2023
2023-02-04,NYC,0.0,2,2023
2023-02-05,NYC,0.0,2,2023
2023-02-06,NYC,0.0,2,2023
2023-02-07,NYC,0.006,2,2023
2023-02-08,NYC,0.04,2,2023
2023-02-09,NYC,0.0009090909090909091,2,2023
2023-02-10,NYC,0.0,2,2023
2023-02-11,NYC,0.0,2,2023
2023-02-12,NYC,0.015000000000000001,2,2023
2023-02-13,NYC,0.030909090909090907,2,2023
2023-02-14,NYC,0.0,2,2023
2023-02-15,NYC,0.0,2,2023
2023-02-16,NYC,0.014166666666666668,2,2023
2023-02-17,NYC,0.12,2,2023
2023-02-18,NYC,0.19,2,2023
2023-02-19,NYC,0.0007692307692307692,2,2023
2023-02-20,NYC,0.0015384615384615385,2,2023
2023-02-21,NYC,0.12615384615384617,2,2023
2023-02-22,NYC,0.06916666666666667,2,2023
2023-02-23,NYC,0.15142857142857144,2,2023
2023-02-24,NYC,0.024999999999999998,2,2023
2023-02-25,NYC,0.0,2,2023
2023-02-26,NYC,0.008333333333333333,2,2023
2023-02-27,NYC,0.045384615384615384,2,2023
2023-02-28,NYC,0.535,2,2023
2023-03-01,NYC,0.043846153846153854,3,2023
2023-03-02,NYC,0.030714285714285715,3,2023
2023-03-03,NYC,0.023076923076923075,3,2023
2023-03-04,NYC,1.0184615384615385,3,2023
2023-03-05,NYC,0.016153846153846154,3,2023
2023-03-06,NYC,0.0,3,2023
2023-03-07,NYC,0.03416666666666667,3,2023
2023-03-08,NYC,0.0035714285714285718,3,2023
2023-03-09,NYC,0.0,3,2023
2023-03-10,NYC,0.05615384615384615,3,2023
2023-03-11,NYC,0.5650000000000001,3,2023
2023-03-12,NYC,0.05416666666666666,3,2023
2023-03-13,NYC,0.15142857142857144,3,2023
2023-03-14,NYC,0.8457142857142858,3,2023
2023-03-15,NYC,0.11071428571428572,3,2023
2023-03-16,NYC,0.0014285714285714286,3,2023
2023-03-17,NYC,0.0,3,2023
2023-03-18,NYC,0.017499999999999998,3,2023
2023-03-19,NYC,0.0,3,2023
2023-03-20,NYC,0.0,3,2023
2023-03-21,NYC,0.0,3,2023
2023-03-22,NYC,0.0,3,2023
2023-03-23,NYC,0.013076923076923076,3,2023
2023-03-24,NYC,0.08800000000000001,3,2023
2023-03-25,NYC,0.02846153846153846,3,2023
2023-03-26,NYC,0.16272727272727272,3,2023
2023-03-27,NYC,0.043076923076923075,3,2023
2023-03-28,NYC,0.17466666666666666,3,2023
2023-03-29,NYC,0.010714285714285714,3,2023
2023-03-30,NYC,0.014285714285714287,3,2023
2023-03-31,NYC,0.0,3,2023
2023-04-01,NYC,0.16538461538461538,4,2023
2023-04-02,NYC,0.22846153846153847,4,2023
2023-04-03,NYC,0.0007142857142857143,4,2023
2023-04-04,NYC,0.0,4,2023
2023-04-05,NYC,0.0006666666666666666,4,2023
2023-04-06,NYC,0.013571428571428571,4,2023
2023-04-07,NYC,0.03153846153846154,4,2023
2023-04-08,NYC,0.0007692307692307692,4,2023
2023-04-09,NYC,0.0,4,2023
2023-04-10,NYC,0.0,4,2023
2023-04-11,NYC,0.0,4,2023
2023-04-12,NYC,0.0,4,2023
2023-04-13,NYC,0.0,4,2023
2023-04-14,NYC,0.0,4,2023
2023-04-15,NYC,0.003076923076923077,4,2023
2023-04-16,NYC,0.10615384615384617,4,2023
2023-04-17,NYC,0.011333333333333334,4,2023
2023-04-18,NYC,0.016666666666666666,4,2023
2023-04-19,NYC,0.0026666666666666666,4,2023
2023-04-20,NYC,0.0,4,2023
2023-04-21,NYC,0.0,4,2023
2023-04-22,NYC,0.13153846153846155,4,2023
2023-04-23,NYC,1.6007142857142858,4,2023
2023-04-24,NYC,0.16714285714285718,4,2023
2023-04-25,NYC,0.0,4,2023
2023-04-26,NYC,0.0,4,2023
2023-04-27,NYC,0.021333333333333333,4,2023
2023-04-28,NYC,0.06933333333333333,4,2023
2023-04-29,NYC,1.392,4,2023
2023-04-30,NYC,1.0114285714285713,4,2023
2023-05-01,NYC,1.3206666666666669,5,2023
2023-05-02,NYC,0.06866666666666667,5,2023
2023-05-03,NYC,0.07133333333333333,5,2023
2023-05-04,NYC,0.09533333333333333,5,2023
2023-05-05,NYC,0.03133333333333333,5,2023
2023-05-06,NYC,0.0038461538461538464,5,2023
2023-05-07,NYC,0.002,5,2023
2023-05-08,NYC,0.026153846153846156,5,2023
2023-05-09,NYC,0.0006666666666666666,5,2023
2023-05-10,NYC,0.0,5,2023
2023-05-11,NYC,0.0,5,2023
2023-05-12,NYC,0.0,5,2023
2023-05-13,NYC,0.0,5,2023
2023-05-14,NYC,0.0,5,2023
2023-05-15,NYC,0.0,5,2023
2023-05-16,NYC,0.0,5,2023
2023-05-17,NYC,0.0,5,2023
2023-05-18,NYC,0.0,5,2023
2023-05-19,NYC,0.0,5,2023
2023-05-20,NYC,0.42166666666666663,5,2023
2023-05-21,NYC,0.9413333333333332,5,2023
2023-05-22,NYC,0.0,5,2023
2023-05-23,NYC,0.0,5,2023
2023-05-24,NYC,0.006923076923076922,5,2023
2023-05-25,NYC,0.02666666666666667,5,2023
2023-05-26,NYC,0.0,5,2023
2023-05-27,NYC,0.0,5,2023
2023-05-28,NYC,0.0,5,2023
2023-05-29,NYC,0.0,5,2023
2023-05-30,NYC,0.0,5,2023
2023-05-31,NYC,0.0,5,2023
2023-06-01,NYC,0.0,6,2023
2023-06-02,NYC,0.018571428571428572,6,2023
2023-06-03,NYC,0.07142857142857142,6,2023
2023-06-04,NYC,0.0,6,2023
2023-06-05,NYC,0.0,6,2023
2023-06-06,NYC,0.02,6,2023
2023-06-07,NYC,0.14846153846153845,6,2023
2023-06-08,NYC,0.0,6,2023
2023-06-09,NYC,0.01,6,2023
2023-06-10,NYC,0.021666666666666667,6,2023
2023-06-11,NYC,0.022857142857142857,6,2023
2023-06-12,NYC,0.05466666666666667,6,2023
2023-06-13,NYC,0.20866666666666667,6,2023
2023-06-14,NYC,0.037333333333333336,6,2023
2023-06-15,NYC,0.25866666666666666,6,2023
2023-06-16,NYC,0.05454545454545456,6,2023
2023-06-17,NYC,0.23500000000000001,6,2023
2023-06-18,NYC,0.045384615384615384,6,2023
2023-06-19,NYC,0.0,6,2023
2023-06-20,NYC,0.0,6,2023
2023-06-21,NYC,0.0,6,2023
2023-06-22,NYC,0.007333333333333333,6,2023
2023-06-23,NYC,0.021428571428571432,6,2023
2023-06-24,NYC,0.18066666666666667,6,2023
2023-06-25,NYC,0.04692307692307692,6,2023
2023-06-26,NYC,0.11733333333333333,6,2023
2023-06-27,NYC,0.5549999999999999,6,2023
2023-06-28,NYC,0.17461538461538464,6,2023
2023-06-29,NYC,0.08769230769230771,6,2023
2023-06-30,NYC,0.0014285714285714286,6,2023
2023-07-01,NYC,0.0,7,2023
2023-07-02,NYC,0.195,7,2023
2023-07-03,NYC,0.24428571428571427,7,2023
2023-07-04,NYC,0.39428571428571424,7,2023
2023-07-05,NYC,0.205,7,2023
2023-07-06,NYC,0.0,7,2023
2023-07-07,NYC,0.0,7,2023
2023-07-08,NYC,0.0,7,2023
2023-07-09,NYC,0.22142857142857145,7,2023
2023-07-10,NYC,1.22,7,2023
2023-07-11,NYC,0.001875,7,2023
2023-07-12,NYC,0.0,7,2023
2023-07-13,NYC,0.0,7,2023
2023-07-14,NYC,0.08812500000000001,7,2023
2023-07-15,NYC,0.265625,7,2023
2023-07-16,NYC,0.8160000000000001,7,2023
2023-07-17,NYC,0.52,7,2023
2023-07-18,NYC,0.16642857142857143,7,2023
2023-07-19,NYC,0.69,7,2023
2023-07-20,NYC,0.04066666666666666,7,2023
2023-07-21,NYC,0.17214285714285715,7,2023
2023-07-22,NYC,0.05357142857142857,7,2023
2023-07-23,NYC,0.0,7,2023
2023-07-24,NYC,0.0,7,2023
2023-07-25,NYC,0.05857142857142857,7,2023
2023-07-26,NYC,0.5633333333333332,7,2023
2023-07-27,NYC,0.026000000000000002,7,2023
2023-07-28,NYC,0.11666666666666665,7,2023
2023-07-29,NYC,0.10666666666666667,7,2023
2023-07-30,NYC,0.30230769230769233,7,2023
2023-07-31,NYC,0.0,7,2023
2023-08-01,NYC,0.0071428571428571435,8,2023
2023-08-02,NYC,0.0,8,2023
2023-08-03,NYC,0.0,8,2023
2023-08-04,NYC,0.0014285714285714286,8,2023
2023-08-05,NYC,0.04466666666666667,8,2023
2023-08-06,NYC,0.0,8,2023
2023-08-07,NYC,0.6419999999999999,8,2023
2023-08-08,NYC,0.2906666666666667,8,2023
2023-08-09,NYC,0.002857142857142857,8,2023
2023-08-10,NYC,0.08933333333333333,8,2023
2023-08-11,NYC,0.2826666666666667,8,2023
2023-08-12,NYC,0.012142857142857141,8,2023
2023-08-13,NYC,0.9592857142857143,8,2023
2023-08-14,NYC,0.0026666666666666666,8,2023
2023-08-15,NYC,0.5693333333333332,8,2023
2023-08-16,NYC,0.422,8,2023
2023-08-17,NYC,0.034,8,2023
2023-08-18,NYC,0.508,8,2023
2023-08-19,NYC,0.012,8,2023
2023-08-20,NYC,0.0,8,2023
2023-08-21,NYC,0.0,8,2023
2023-08-22,NYC,0.0,8,2023
2023-08-23,NYC,0.0,8,2023
2023-08-24,NYC,0.012307692307692308,8,2023
2023-08-25,NYC,0.4414285714285714,8,2023
2023-08-26,NYC,0.3578571428571428,8,2023
2023-08-27,NYC,0.26,8,2023
2023-08-28,NYC,0.0,8,2023
2023-08-29,NYC,0.0,8,2023
2023-08-30,NYC,0.07571428571428572,8,2023
2023-08-31,NYC,0.1335714285714286,8,2023
2023-09-01,NYC,0.0,9,2023
2023-09-02,NYC,0.0,9,2023
2023-09-03,NYC,0.0006666666666666666,9,2023
2023-09-04,NYC,0.0026666666666666666,9,2023
2023-09-05,NYC,0.004285714285714286,9,2023
2023-09-06,NYC,0.0,9,2023
2023-09-07,NYC,0.0,9,2023
2023-09-08,NYC,0.056666666666666664,9,2023
2023-09-09,NYC,0.16,9,2023
2023-09-10,NYC,0.31133333333333335,9,2023
2023-09-11,NYC,0.7093333333333334,9,2023
2023-09-12,NYC,0.36466666666666664,9,2023
2023-09-13,NYC,0.252,9,2023
2023-09-14,NYC,0.13,9,2023
2023-09-15,NYC,0.0,9,2023
2023-09-16,NYC,0.0,9,2023
2023-09-17,NYC,0.015,9,2023
2023-09-18,NYC,0.5942857142857143,9,2023
2023-09-19,NYC,0.6528571428571429,9,2023
2023-09-20,NYC,0.0,9,2023
2023-09-21,NYC,0.0,9,2023
2023-09-22,NYC,0.0,9,2023
2023-09-23,NYC,0.214,9,2023
2023-09-24,NYC,0.8666666666666667,9,2023
2023-09-25,NYC,0.752,9,2023
2023-09-26,NYC,0.32066666666666666,9,2023
2023-09-27,NYC,0.060000000000000005,9,2023
2023-09-28,NYC,0.08923076923076922,9,2023
2023-09-29,NYC,2.5415384615384613,9,2023
2023-09-30,NYC,2.373076923076923,9,2023
2023-10-01,NYC,0.057692307692307696,10,2023
2023-10-02,NYC,0.0007142857142857143,10,2023
2023-10-03,NYC,0.0,10,2023
2023-10-04,NYC,0.0,10,2023
2023-10-05,NYC,0.0014285714285714286,10,2023
2023-10-06,NYC,0.023571428571428573,10,2023
2023-10-07,NYC,0.3666666666666667,10,2023
2023-10-08,NYC,0.7141666666666667,10,2023
2023-10-09,NYC,0.0007692307692307692,10,2023
2023-10-10,NYC,0.0015384615384615385,10,2023
2023-10-11,NYC,0.0014285714285714286,10,2023
2023-10-12,NYC,0.0,10,2023
2023-10-13,NYC,0.0,10,2023
2023-10-14,NYC,0.18083333333333332,10,2023
2023-10-15,NYC,0.52,10,2023
2023-10-16,NYC,0.0008333333333333334,10,2023
2023-10-17,NYC,0.027857142857142858,10,2023
2023-10-18,NYC,0.0007142857142857143,10,2023
2023-10-19,NYC,0.0,10,2023
2023-10-20,NYC,0.22333333333333333,10,2023
2023-10-21,NYC,0.6966666666666667,10,2023
2023-10-22,NYC,0.214,10,2023
2023-10-23,NYC,0.0,10,2023
2023-10-24,NYC,0.0007142857142857143,10,2023
2023-10-25,NYC,0.0,10,2023
2023-10-26,NYC,0.0,10,2023
2023-10-27,NYC,0.0,10,2023
2023-10-28,NYC,0.0008333333333333334,10,2023
2023-10-29,NYC,0.09846153846153846,10,2023
2023-10-30,NYC,0.6557142857142857,10,2023
2023-10-31,NYC,0.04642857142857143,10,2023
2023-11-01,NYC,0.06166666666666667,11,2023
2023-11-02,NYC,0.005333333333333333,11,2023
2023-11-03,NYC,0.0,11,2023
2023-11-04,NYC,0.0,11,2023
2023-11-05,NYC,0.006,11,2023
2023-11-06,NYC,0.0,11,2023
2023-11-07,NYC,0.11714285714285715,11,2023
2023-11-08,NYC,0.0,11,2023
2023-11-09,NYC,0.0,11,2023
2023-11-10,NYC,0.0,11,2023
2023-11-11,NYC,0.0,11,2023
2023-11-12,NYC,0.0,11,2023
2023-11-13,NYC,0.0,11,2023
2023-11-14,NYC,0.0,11,2023
2023-11-15,NYC,0.0,11,2023
2023-11-16,NYC,0.0,11,2023
2023-11-17,NYC,0.0006666666666666666,11,2023
2023-11-18,NYC,0.017857142857142856,11,2023
2023-11-19,NYC,0.0,11,2023
2023-11-20,NYC,0.0,11,2023
2023-11-21,NYC,0.10384615384615385,11,2023
2023-11-22,NYC,1.429230769230769,11,2023
2023-11-23,NYC,0.004615384615384615,11,2023
2023-11-24,NYC,0.0,11,2023
2023-11-25,NYC,0.0,11,2023
2023-11-26,NYC,0.055714285714285716,11,2023
2023-11-27,NYC,0.5016666666666666,11,2023
2023-11-28,NYC,0.0,11,2023
2023-11-29,NYC,0.0,11,2023
2023-11-30,NYC,0.0,11,2023
2023-12-01,NYC,0.10384615384615385,12,2023
2023-12-02,NYC,0.32846153846153847,12,2023
2023-12-03,NYC,0.3215384615384615,12,2023
2023-12-04,NYC,0.3591666666666667,12,2023
2023-12-05,NYC,0.0006666666666666666,12,2023
2023-12-06,NYC,0.0,12,2023
2023-12-07,NYC,0.0013333333333333333,12,2023
2023-12-08,NYC,0.0006666666666666666,12,2023
2023-12-09,NYC,0.0,12,2023
2023-12-10,NYC,0.45466666666666666,12,2023
2023-12-11,NYC,2.009333333333333,12,2023
2023-12-12,NYC,0.029285714285714286,12,2023
2023-12-13,NYC,0.0007142857142857143,12,2023
2023-12-14,NYC,0.0,12,2023
2023-12-15,NYC,0.0,12,2023
2023-12-16,NYC,0.0,12,2023
2023-12-17,NYC,0.029333333333333333,12,2023
2023-12-18,NYC,2.0992307692307692,12,2023
2023-12-19,NYC,0.3630769230769231,12,2023
2023-12-20,NYC,0.0,12,2023
2023-12-21,NYC,0.0,12,2023
2023-12-22,NYC,0.0,12,2023
2023-12-23,NYC,0.0,12,2023
2023-12-24,NYC,0.020714285714285713,12,2023
2023-12-25,NYC,0.0007692307692307692,12,2023
2023-12-26,NYC,0.002142857142857143,12,2023
2023-12-27,NYC,0.05153846153846153,12,2023
2023-12-28,NYC,1.845,12,2023
2023-12-29,NYC,0.10357142857142856,12,2023
2023-12-30,NYC,0.0064285714285714285,12,2023
2023-12-31,NYC,0.0007142857142857143,12,2023
2020-01-01,SEA,0.1625,1,2020
2020-01-02,SEA,0.18125000000000002,1,2020
2020-01-03,SEA,0.2675,1,2020
2020-01-04,SEA,0.17200000000000001,1,2020
2020-01-05,SEA,0.16857142857142857,1,2020
2020-01-06,SEA,0.23333333333333336,1,2020
2020-01-07,SEA,0.5111111111111111,1,2020
2020-01-08,SEA,0.0425,1,2020
2020-01-09,SEA,0.060000000000000005,1,2020
2020-01-10,SEA,0.16777777777777778,1,2020
2020-01-11,SEA,0.4311111111111111,1,2020
2020-01-12,SEA,0.3457142857142857,1,2020
2020-01-13,SEA,0.22666666666666666,1,2020
2020-01-14,SEA,0.14833333333333332,1,2020
2020-01-15,SEA,0.022857142857142857,1,2020
2020-01-16,SEA,0.04857142857142858,1,2020
2020-01-17,SEA,0.008571428571428572,1,2020
2020-01-18,SEA,0.5,1,2020
2020-01-19,SEA,0.045714285714285714,1,2020
2020-01-20,SEA,0.049999999999999996,1,2020
2020-01-21,SEA,0.2814285714285714,1,2020
2020-01-22,SEA,0.66,1,2020
2020-01-23,SEA,0.5025,1,2020
2020-01-24,SEA,0.8462500000000001,1,2020
2020-01-25,SEA,0.3114285714285714,1,2020
2020-01-26,SEA,0.29857142857142854,1,2020
2020-01-27,SEA,0.17625,1,2020
2020-01-28,SEA,0.97,1,2020
2020-01-29,SEA,0.14500000000000002,1,2020
2020-01-30,SEA,0.25375,1,2020
2020-01-31,SEA,0.30142857142857143,1,2020
2020-02-01,SEA,1.337142857142857,2,2020
2020-02-02,SEA,0.08571428571428572,2,2020
2020-02-03,SEA,0.06125,2,2020
2020-02-04,SEA,0.004285714285714286,2,2020
2020-02-05,SEA,0.5755555555555555,2,2020
2020-02-06,SEA,1.1122222222222222,2,2020
2020-02-07,SEA,0.5122222222222222,2,2020
2020-02-08,SEA,0.21333333333333335,2,2020
2020-02-09,SEA,0.02142857142857143,2,2020
2020-02-10,SEA,0.00125,2,2020
2020-02-11,SEA,0.0014285714285714286,2,2020
2020-02-12,SEA,0.06714285714285714,2,2020
2020-02-13,SEA,0.005,2,2020
2020-02-14,SEA,0.1322222222222222,2,2020
2020-02-15,SEA,0.08142857142857143,2,2020
2020-02-16,SEA,0.198,2,2020
2020-02-17,SEA,0.018333333333333337,2,2020
2020-02-18,SEA,0.0,2,2020
2020-02-19,SEA,0.0,2,2020
2020-02-20,SEA,0.004,2,2020
2020-02-21,SEA,0.0,2,2020
2020-02-22,SEA,0.014000000000000002,2,2020
2020-02-23,SEA,0.20714285714285713,2,2020
2020-02-24,SEA,0.04,2,2020
2020-02-25,SEA,0.0016666666666666668,2,2020
2020-02-26,SEA,0.017142857142857144,2,2020
2020-02-27,SEA,0.002857142857142857,2,2020
2020-02-28,SEA,0.015,2,2020
2020-02-29,SEA,0.11166666666666668,2,2020
2020-03-01,SEA,0.043333333333333335,3,2020
2020-03-02,SEA,0.02,3,2020
2020-03-03,SEA,0.14857142857142858,3,2020
2020-03-04,SEA,0.03,3,2020
2020-03-05,SEA,0.045000000000000005,3,2020
2020-03-06,SEA,0.6683333333333333,3,2020
2020-03-07,SEA,0.09333333333333334,3,2020
2020-03-08,SEA,0.09999999999999999,3,2020
2020-03-09,SEA,0.01,3,2020
2020-03-10,SEA,0.0,3,2020
2020-03-11,SEA,0.041666666666666664,3,2020
2020-03-12,SEA,0.03333333333333333,3,2020
2020-03-13,SEA,0.13142857142857142,3,2020
2020-03-14,SEA,0.23428571428571426,3,2020
2020-03-15,SEA,0.0,3,2020
2020-03-16,SEA,0.0,3,2020
2020-03-17,SEA,0.0,3,2020
2020-03-18,SEA,0.0,3,2020
2020-03-19,SEA,0.0,3,2020
2020-03-20,SEA,0.0,3,2020
2020-03-21,SEA,0.0,3,2020
2020-03-22,SEA,0.0,3,2020
2020-03-23,SEA,0.016666666666666666,3,2020
2020-03-24,SEA,0.022857142857142857,3,2020
2020-03-25,SEA,0.42,3,2020
2020-03-26,SEA,0.06666666666666667,3,2020
2020-03-27,SEA,0.02142857142857143,3,2020
2020-03-28,SEA,0.06874999999999999,3,2020
2020-03-29,SEA,0.62875,3,2020
2020-03-30,SEA,0.37875000000000003,3,2020
2020-03-31,SEA,0.2957142857142857,3,2020
2020-04-01,SEA,0.12,4,2020
2020-04-02,SEA,0.018571428571428572,4,2020
2020-04-03,SEA,0.007500000000000001,4,2020
2020-04-04,SEA,0.0475,4,2020
2020-04-05,SEA,0.0033333333333333335,4,2020
2020-04-06,SEA,0.0,4,2020
2020-04-07,SEA,0.0,4,2020
2020-04-08,SEA,0.0,4,2020
2020-04-09,SEA,0.0,4,2020
2020-04-10,SEA,0.0,4,2020
2020-04-11,SEA,0.0011111111111111111,4,2020
2020-04-12,SEA,0.0,4,2020
2020-04-13,SEA,0.0,4,2020
2020-04-14,SEA,0.0,4,2020
2020-04-15,SEA,0.0,4,2020
2020-04-16,SEA,0.0,4,2020
2020-04-17,SEA,0.0,4,2020
2020-04-18,SEA,0.06625,4,2020
2020-04-19,SEA,0.1388888888888889,4,2020
2020-04-20,SEA,0.0,4,2020
2020-04-21,SEA,0.0,4,2020
2020-04-22,SEA,0.10285714285714286,4,2020
2020-04-23,SEA,0.6875,4,2020
2020-04-24,SEA,0.1025,4,2020
2020-04-25,SEA,0.16666666666666666,4,2020
2020-04-26,SEA,0.21500000000000002,4,2020
2020-04-27,SEA,0.20875,4,2020
2020-04-28,SEA,0.01,4,2020
2020-04-29,SEA,0.01,4,2020
2020-04-30,SEA,0.025714285714285714,4,2020
2020-05-01,SEA,0.00375,5,2020
2020-05-02,SEA,0.08125,5,2020
2020-05-03,SEA,0.225,5,2020
2020-05-04,SEA,0.015714285714285715,5,2020
2020-05-05,SEA,0.0,5,2020
2020-05-06,SEA,0.02,5,2020
2020-05-07,SEA,0.02,5,2020
2020-05-08,SEA,0.0,5,2020
2020-05-09,SEA,0.0,5,2020
2020-05-10,SEA,0.0,5,2020
2020-05-11,SEA,0.0016666666666666668,5,2020
2020-05-12,SEA,0.08428571428571428,5,2020
2020-05-13,SEA,0.025714285714285714,5,2020
2020-05-14,SEA,0.049999999999999996,5,2020
2020-05-15,SEA,0.074,5,2020
2020-05-16,SEA,0.138,5,2020
2020-05-17,SEA,0.5314285714285715,5,2020
2020-05-18,SEA,0.01,5,2020
2020-05-19,SEA,0.0,5,2020
2020-05-20,SEA,0.0,5,2020
2020-05-21,SEA,0.36999999999999994,5,2020
2020-05-22,SEA,0.12333333333333334,5,2020
2020-05-23,SEA,0.21200000000000002,5,2020
2020-05-24,SEA,0.0,5,2020
2020-05-25,SEA,0.06666666666666667,5,2020
2020-05-26,SEA,0.09833333333333334,5,2020
2020-05-27,SEA,0.022,5,2020
2020-05-28,SEA,0.0,5,2020
2020-05-29,SEA,0.0,5,2020
2020-05-30,SEA,0.0,5,2020
2020-05-31,SEA,1.0542857142857143,5,2020
2020-06-01,SEA,0.06142857142857144,6,2020
2020-06-02,SEA,0.0,6,2020
2020-06-03,SEA,0.01,6,2020
2020-06-04,SEA,0.0,6,2020
2020-06-05,SEA,0.0,6,2020
2020-06-06,SEA,0.0,6,2020
2020-06-07,SEA,0.1366666666666667,6,2020
2020-06-08,SEA,0.043333333333333335,6,2020
2020-06-09,SEA,0.16,6,2020
2020-06-10,SEA,0.14166666666666666,6,2020
2020-06-11,SEA,0.04,6,2020
2020-06-12,SEA,0.1416666666666667,6,2020
2020-06-13,SEA,0.20333333333333334,6,2020
2020-06-14,SEA,0.17166666666666666,6,2020
2020-06-15,SEA,0.096,6,2020
2020-06-16,SEA,0.09,6,2020
2020-06-17,SEA,0.0016666666666666668,6,2020
2020-06-18,SEA,0.0,6,2020
2020-06-19,SEA,0.0,6,2020
2020-06-20,SEA,0.016,6,2020
2020-06-21,SEA,0.05,6,2020
2020-06-22,SEA,0.0,6,2020
2020-06-23,SEA,0.0,6,2020
2020-06-24,SEA,0.0,6,2020
2020-06-25,SEA,0.0,6,2020
2020-06-26,SEA,0.0,6,2020
2020-06-27,SEA,0.11400000000000002,6,2020
2020-06-28,SEA,0.625,6,2020
2020-06-29,SEA,0.008,6,2020
2020-06-30,SEA,0.055,6,2020
2020-07-01,SEA,0.05,7,2020
2020-07-02,SEA,0.008,7,2020
2020-07-03,SEA,0.005,7,2020
2020-07-04,SEA,0.0016666666666666668,7,2020
2020-07-05,SEA,0.0,7,2020
2020-07-06,SEA,0.0,7,2020
2020-07-07,SEA,0.0,7,2020
2020-07-08,SEA,0.0033333333333333335,7,2020
2020-07-09,SEA,0.013333333333333334,7,2020
2020-07-10,SEA,0.012,7,2020
2020-07-11,SEA,0.002,7,2020
2020-07-12,SEA,0.045714285714285714,7,2020
2020-07-13,SEA,0.032,7,2020
2020-07-14,SEA,0.0,7,2020
2020-07-15,SEA,0.0,7,2020
2020-07-16,SEA,0.0,7,2020
2020-07-17,SEA,0.078,7,2020
2020-07-18,SEA,0.012,7,2020
2020-07-19,SEA,0.0,7,2020
2020-07-20,SEA,0.0,7,2020
2020-07-21,SEA,0.0,7,2020
2020-07-22,SEA,0.0175,7,2020
2020-07-23,SEA,0.004,7,2020
2020-07-24,SEA,0.006,7,2020
2020-07-25,SEA,0.0,7,2020
2020-07-26,SEA,0.0,7,2020
2020-07-27,SEA,0.0,7,2020
2020-07-28,SEA,0.0,7,2020
2020-07-29,SEA,0.0,7,2020
2020-07-30,SEA,0.0,7,2020
2020-07-31,SEA,0.0,7,2020
2020-08-01,SEA,0.0,8,2020
2020-08-02,SEA,0.0,8,2020
2020-08-03,SEA,0.0,8,2020
2020-08-04,SEA,0.0,8,2020
2020-08-05,SEA,0.0,8,2020
2020-08-06,SEA,0.028571428571428574,8,2020
2020-08-07,SEA,0.13333333333333333,8,2020
2020-08-08,SEA,0.021666666666666667,8,2020
2020-08-09,SEA,0.016666666666666666,8,2020
2020-08-10,SEA,0.0,8,2020
2020-08-11,SEA,0.0,8,2020
2020-08-12,SEA,0.0,8,2020
2020-08-13,SEA,0.0,8,2020
2020-08-14,SEA,0.0,8,2020
2020-08-15,SEA,0.0,8,2020
2020-08-16,SEA,0.0,8,2020
2020-08-17,SEA,0.0,8,2020
2020-08-18,SEA,0.0,8,2020
2020-08-19,SEA,0.0,8,2020
2020-08-20,SEA,0.04142857142857143,8,2020
2020-08-21,SEA,0.0842857142857143,8,2020
2020-08-22,SEA,0.045714285714285714,8,2020
2020-08-23,SEA,0.0,8,2020
2020-08-24,SEA,0.0,8,2020
2020-08-25,SEA,0.0,8,2020
2020-08-26,SEA,0.0,8,2020
2020-08-27,SEA,0.0,8,2020
2020-08-28,SEA,0.0,8,2020
2020-08-29,SEA,0.0,8,2020
2020-08-30,SEA,0.0,8,2020
2020-08-31,SEA,0.025714285714285714,8,2020
2020-09-01,SEA,0.0,9,2020
2020-09-02,SEA,0.0,9,2020
2020-09-03,SEA,0.0,9,2020
2020-09-04,SEA,0.0,9,2020
2020-09-05,SEA,0.0,9,2020
2020-09-06,SEA,0.0,9,2020
2020-09-07,SEA,0.0,9,2020
2020-09-08,SEA,0.0,9,2020
2020-09-09,SEA,0.0,9,2020
2020-09-10,SEA,0.0,9,2020
2020-09-11,SEA,0.0,9,2020
2020-09-12,SEA,0.0,9,2020
2020-09-13,SEA,0.0,9,2020
2020-09-14,SEA,0.01,9,2020
2020-09-15,SEA,0.08142857142857143,9,2020
2020-09-16,SEA,0.014285714285714287,9,2020
2020-09-17,SEA,0.0,9,2020
2020-09-18,SEA,0.041428571428571426,9,2020
2020-09-19,SEA,0.325,9,2020
2020-09-20,SEA,0.24714285714285716,9,2020
2020-09-21,SEA,0.028333333333333335,9,2020
2020-09-22,SEA,0.041666666666666664,9,2020
2020-09-23,SEA,0.34,9,2020
2020-09-24,SEA,0.778,9,2020
2020-09-25,SEA,0.6699999999999999,9,2020
2020-09-26,SEA,0.405,9,2020
2020-09-27,SEA,0.045,9,2020
2020-09-28,SEA,0.002,9,2020
2020-09-29,SEA,0.0,9,2020
2020-09-30,SEA,0.0,9,2020
2020-10-01,SEA,0.0,10,2020
2020-10-02,SEA,0.0,10,2020
2020-10-03,SEA,0.002,10,2020
2020-10-04,SEA,0.030000000000000002,10,2020
2020-10-05,SEA,0.014000000000000002,10,2020
2020-10-06,SEA,0.0,10,2020
2020-10-07,SEA,0.0,10,2020
2020-10-08,SEA,0.01,10,2020
2020-10-09,SEA,0.10400000000000001,10,2020
2020-10-10,SEA,0.9339999999999999,10,2020
2020-10-11,SEA,0.10857142857142857,10,2020
2020-10-12,SEA,0.44999999999999996,10,2020
2020-10-13,SEA,0.5633333333333334,10,2020
2020-10-14,SEA,0.03333333333333333,10,2020
2020-10-15,SEA,0.0,10,2020
2020-10-16,SEA,0.011666666666666667,10,2020
2020-10-17,SEA,0.17285714285714285,10,2020
2020-10-18,SEA,0.023333333333333334,10,2020
2020-10-19,SEA,0.060000000000000005,10,2020
2020-10-20,SEA,0.17833333333333334,10,2020
2020-10-21,SEA,0.06857142857142857,10,2020
2020-10-22,SEA,0.22199999999999998,10,2020
2020-10-23,SEA,0.03666666666666667,10,2020
2020-10-24,SEA,0.10142857142857142,10,2020
2020-10-25,SEA,0.006,10,2020
2020-10-26,SEA,0.0033333333333333335,10,2020
2020-10-27,SEA,0.0,10,2020
2020-10-28,SEA,0.0,10,2020
2020-10-29,SEA,0.02,10,2020
2020-10-30,SEA,0.022857142857142857,10,2020
2020-10-31,SEA,0.0,10,2020
2020-11-01,SEA,0.0,11,2020
2020-11-02,SEA,0.0,11,2020
2020-11-03,SEA,0.1985714285714286,11,2020
2020-11-04,SEA,0.6857142857142857,11,2020
2020-11-05,SEA,0.1942857142857143,11,2020
2020-11-06,SEA,0.098,11,2020
2020-11-07,SEA,0.005,11,2020
2020-11-08,SEA,0.008,11,2020
2020-11-09,SEA,0.012,11,2020
2020-11-10,SEA,0.09833333333333333,11,2020
2020-11-11,SEA,0.02,11,2020
2020-11-12,SEA,0.004,11,2020
2020-11-13,SEA,0.88,11,2020
2020-11-14,SEA,0.01,11,2020
2020-11-15,SEA,0.475,11,2020
2020-11-16,SEA,0.04,11,2020
2020-11-17,SEA,0.694,11,2020
2020-11-18,SEA,0.71,11,2020
2020-11-19,SEA,0.29,11,2020
2020-11-20,SEA,0.05,11,2020
2020-11-21,SEA,0.024,11,2020
2020-11-22,SEA,0.026000000000000002,11,2020
2020-11-23,SEA,0.19499999999999998,11,2020
2020-11-24,SEA,0.06333333333333334,11,2020
2020-11-25,SEA,0.21600000000000003,11,2020
2020-11-26,SEA,0.032,11,2020
2020-11-27,SEA,0.042499999999999996,11,2020
2020-11-28,SEA,0.046,11,2020
2020-11-29,SEA,0.072,11,2020
2020-11-30,SEA,0.438,11,2020
2020-12-01,SEA,0.005,12,2020
2020-12-02,SEA,0.0025,12,2020
2020-12-03,SEA,0.0,12,2020
2020-12-04,SEA,0.0,12,2020
2020-12-05,SEA,0.0,12,2020
2020-12-06,SEA,0.022,12,2020
2020-12-07,SEA,0.002,12,2020
2020-12-08,SEA,0.192,12,2020
2020-12-09,SEA,0.47800000000000004,12,2020
2020-12-10,SEA,0.02,12,2020
2020-12-11,SEA,0.02,12,2020
2020-12-12,SEA,0.0,12,2020
2020-12-13,SEA,0.09,12,2020
2020-12-14,SEA,0.16999999999999998,12,2020
2020-12-15,SEA,0.2675,12,2020
2020-12-16,SEA,0.076,12,2020
2020-12-17,SEA,0.4416666666666667,12,2020
2020-12-18,SEA,0.16799999999999998,12,2020
2020-12-19,SEA,0.28833333333333333,12,2020
2020-12-20,SEA,0.305,12,2020
2020-12-21,SEA,0.6942857142857143,12,2020
2020-12-22,SEA,1.635,12,2020
2020-12-23,SEA,0.0033333333333333335,12,2020
2020-12-24,SEA,0.0,12,2020
2020-12-25,SEA,0.075,12,2020
2020-12-26,SEA,0.43,12,2020
2020-12-27,SEA,0.096,12,2020
2020-12-28,SEA,0.096,12,2020
2020-12-29,SEA,0.055,12,2020
2020-12-30,SEA,0.6028571428571429,12,2020
2020-12-31,SEA,0.43166666666666664,12,2020
2021-01-01,SEA,0.17,1,2021
2021-01-02,SEA,0.585,1,2021
2021-01-03,SEA,1.4383333333333335,1,2021
2021-01-04,SEA,0.5950000000000001,1,2021
2021-01-05,SEA,0.3385714285714286,1,2021
2021-01-06,SEA,0.9183333333333333,1,2021
2021-01-07,SEA,0.005,1,2021
2021-01-08,SEA,0.10428571428571429,1,2021
2021-01-09,SEA,0.15571428571428572,1,2021
2021-01-10,SEA,0.08833333333333333,1,2021
2021-01-11,SEA,0.18499999999999997,1,2021
2021-01-12,SEA,1.8399999999999999,1,2021
2021-01-13,SEA,0.9199999999999999,1,2021
2021-01-14,SEA,0.013333333333333334,1,2021
2021-01-15,SEA,0.186,1,2021
2021-01-16,SEA,0.0125,1,2021
2021-01-17,SEA,0.036,1,2021
2021-01-18,SEA,0.0,1,2021
2021-01-19,SEA,0.0,1,2021
2021-01-20,SEA,0.0,1,2021
2021-01-21,SEA,0.03666666666666667,1,2021
2021-01-22,SEA,0.012,1,2021
2021-01-23,SEA,0.0,1,2021
2021-01-24,SEA,0.11666666666666665,1,2021
2021-01-25,SEA,0.154,1,2021
2021-01-26,SEA,0.01,1,2021
2021-01-27,SEA,0.098,1,2021
2021-01-28,SEA,0.19333333333333333,1,2021
2021-01-29,SEA,0.1366666666666667,1,2021
2021-01-30,SEA,0.135,1,2021
2021-01-31,SEA,0.21,1,2021
2021-02-01,SEA,0.5825,2,2021
2021-02-02,SEA,0.728,2,2021
2021-02-03,SEA,0.356,2,2021
2021-02-04,SEA,0.01,2,2021
2021-02-05,SEA,0.13199999999999998,2,2021
2021-02-06,SEA,0.026000000000000002,2,2021
2021-02-07,SEA,0.0275,2,2021
2021-02-08,SEA,0.124,2,2021
2021-02-09,SEA,0.018,2,2021
2021-02-10,SEA,0.0,2,2021
2021-02-11,SEA,0.0,2,2021
2021-02-12,SEA,0.076,2,2021
2021-02-13,SEA,0.586,2,2021
2021-02-14,SEA,0.33399999999999996,2,2021
2021-02-15,SEA,0.45599999999999996,2,2021
2021-02-16,SEA,0.10400000000000001,2,2021
2021-02-17,SEA,0.044,2,2021
2021-02-18,SEA,0.05,2,2021
2021-02-19,SEA,0.1,2,2021
2021-02-20,SEA,0.03333333333333333,2,2021
2021-02-21,SEA,0.12,2,2021
2021-02-22,SEA,0.23249999999999998,2,2021
2021-02-23,SEA,0.21,2,2021
2021-02-24,SEA,0.13,2,2021
2021-02-25,SEA,0.172,2,2021
2021-02-26,SEA,0.082,2,2021
2021-02-27,SEA,0.08600000000000001,2,2021
2021-02-28,SEA,0.024,2,2021
2021-03-01,SEA,0.0,3,2021
2021-03-02,SEA,0.002,3,2021
2021-03-03,SEA,0.013333333333333334,3,2021
2021-03-04,SEA,0.09999999999999999,3,2021
2021-03-05,SEA,0.348,3,2021
2021-03-06,SEA,0.0575,3,2021
2021-03-07,SEA,0.13,3,2021
2021-03-08,SEA,0.145,3,2021
2021-03-09,SEA,0.0033333333333333335,3,2021
2021-03-10,SEA,0.006,3,2021
2021-03-11,SEA,0.0,3,2021
2021-03-12,SEA,0.0,3,2021
2021-03-13,SEA,0.0,3,2021
2021-03-14,SEA,0.0725,3,2021
2021-03-15,SEA,0.292,3,2021
2021-03-16,SEA,0.0025,3,2021
2021-03-17,SEA,0.0,3,2021
2021-03-18,SEA,0.035,3,2021
2021-03-19,SEA,0.2,3,2021
2021-03-20,SEA,0.21,3,2021
2021-03-21,SEA,0.2,3,2021
2021-03-22,SEA,0.20800000000000002,3,2021
2021-03-23,SEA,0.10400000000000001,3,2021
2021-03-24,SEA,0.01,3,2021
2021-03-25,SEA,0.6125,3,2021
2021-03-26,SEA,0.016666666666666666,3,2021
2021-03-27,SEA,0.0,3,2021
2021-03-28,SEA,0.0,3,2021
2021-03-29,SEA,0.29400000000000004,3,2021
2021-03-30,SEA,0.005,3,2021
2021-03-31,SEA,0.0,3,2021
2021-04-01,SEA,0.0,4,2021
2021-04-02,SEA,0.0,4,2021
2021-04-03,SEA,0.0,4,2021
2021-04-04,SEA,0.052500000000000005,4,2021
2021-04-05,SEA,0.007500000000000001,4,2021
2021-04-06,SEA,0.0,4,2021
2021-04-07,SEA,0.0,4,2021
2021-04-08,SEA,0.146,4,2021
2021-04-09,SEA,0.0025,4,2021
2021-04-10,SEA,0.034,4,2021
2021-04-11,SEA,0.0,4,2021
2021-04-12,SEA,0.0,4,2021
2021-04-13,SEA,0.0,4,2021
2021-04-14,SEA,0.0,4,2021
2021-04-15,SEA,0.0,4,2021
2021-04-16,SEA,0.0,4,2021
2021-04-17,SEA,0.0,4,2021
2021-04-18,SEA,0.0,4,2021
2021-04-19,SEA,0.0,4,2021
2021-04-20,SEA,0.0,4,2021
2021-04-21,SEA,0.0,4,2021
2021-04-22,SEA,0.0,4,2021
2021-04-23,SEA,0.0,4,2021
2021-04-24,SEA,0.22666666666666668,4,2021
2021-04-25,SEA,0.35000000000000003,4,2021
2021-04-26,SEA,0.0475,4,2021
2021-04-27,SEA,0.0033333333333333335,4,2021
2021-04-28,SEA,0.0,4,2021
2021-04-29,SEA,0.0,4,2021
2021-04-30,SEA,0.06999999999999999,4,2021
2021-05-01,SEA,0.023333333333333334,5,2021
2021-05-02,SEA,0.02,5,2021
2021-05-03,SEA,0.0,5,2021
2021-05-04,SEA,0.24,5,2021
2021-05-05,SEA,0.0025,5,2021
2021-05-06,SEA,0.0,5,2021
2021-05-07,SEA,0.004,5,2021
2021-05-08,SEA,0.182,5,2021
2021-05-09,SEA,0.028000000000000004,5,2021
2021-05-10,SEA,0.0,5,2021
2021-05-11,SEA,0.0,5,2021
2021-05-12,SEA,0.0,5,2021
2021-05-13,SEA,0.0,5,2021
2021-05-14,SEA,0.0,5,2021
2021-05-15,SEA,0.0,5,2021
2021-05-16,SEA,0.0,5,2021
2021-05-17,SEA,0.014000000000000002,5,2021
2021-05-18,SEA,0.07500000000000001,5,2021
2021-05-19,SEA,0.22199999999999998,5,2021
2021-05-20,SEA,0.005,5,2021
2021-05-21,SEA,0.0,5,2021
2021-05-22,SEA,0.0,5,2021
2021-05-23,SEA,0.0,5,2021
2021-05-24,SEA,0.066,5,2021
2021-05-25,SEA,0.026000000000000002,5,2021
2021-05-26,SEA,0.005,5,2021
2021-05-27,SEA,0.22800000000000004,5,2021
2021-05-28,SEA,0.11800000000000002,5,2021
2021-05-29,SEA,0.0,5,2021
2021-05-30,SEA,0.0,5,2021
2021-05-31,SEA,0.0,5,2021
2021-06-01,SEA,0.0,6,2021
2021-06-02,SEA,0.0,6,2021
2021-06-03,SEA,0.0,6,2021
2021-06-04,SEA,0.0,6,2021
2021-06-05,SEA,0.030000000000000006,6,2021
2021-06-06,SEA,0.0,6,2021
2021-06-07,SEA,0.588,6,2021
2021-06-08,SEA,0.004,6,2021
2021-06-09,SEA,0.0033333333333333335,6,2021
2021-06-10,SEA,0.0,6,2021
2021-06-11,SEA,0.115,6,2021
2021-06-12,SEA,0.40249999999999997,6,2021
2021-06-13,SEA,0.42333333333333334,6,2021
2021-06-14,SEA,0.462,6,2021
2021-06-15,SEA,0.06000000000000001,6,2021
2021-06-16,SEA,0.0,6,2021
2021-06-17,SEA,0.0,6,2021
2021-06-18,SEA,0.0,6,2021
2021-06-19,SEA,0.0,6,2021
2021-06-20,SEA,0.0,6,2021
2021-06-21,SEA,0.0,6,2021
2021-06-22,SEA,0.0,6,2021
2021-06-23,SEA,0.0,6,2021
2021-06-24,SEA,0.0,6,2021
2021-06-25,SEA,0.0,6,2021
2021-06-26,SEA,0.0,6,2021
2021-06-27,SEA,0.0,6,2021
2021-06-28,SEA,0.0,6,2021
2021-06-29,SEA,0.0,6,2021
2021-06-30,SEA,0.0,6,2021
2021-07-01,SEA,0.0,7,2021
2021-07-02,SEA,0.0,7,2021
2021-07-03,SEA,0.0,7,2021
2021-07-04,SEA,0.0,7,2021
2021-07-05,SEA,0.0,7,2021
2021-07-06,SEA,0.0,7,2021
2021-07-07,SEA,0.0,7,2021
2021-07-08,SEA,0.0,7,2021
2021-07-09,SEA,0.2,7,2021
2021-07-10,SEA,0.0,7,2021
2021-07-11,SEA,0.0,7,2021
2021-07-12,SEA,0.0,7,2021
2021-07-13,SEA,0.0,7,2021
2021-07-14,SEA,0.0,7,2021
2021-07-15,SEA,0.0,7,2021
2021-07-16,SEA,0.0,7,2021
2021-07-17,SEA,0.0,7,2021
2021-07-18,SEA,0.0,7,2021
2021-07-19,SEA,0.0,7,2021
2021-07-20,SEA,0.022500000000000003,7,2021
2021-07-21,SEA,0.023333333333333334,7,2021
2021-07-22,SEA,0.0,7,2021
2021-07-23,SEA,0.0,7,2021
2021-07-24,SEA,0.0,7,2021
2021-07-25,SEA,0.0,7,2021
2021-07-26,SEA,0.0,7,2021
2021-07-27,SEA,0.0,7,2021
2021-07-28,SEA,0.0,7,2021
2021-07-29,SEA,0.0,7,2021
2021-07-30,SEA,0.0,7,2021
2021-07-31,SEA,0.0,7,2021
2021-08-01,SEA,0.0,8,2021
2021-08-02,SEA,0.0,8,2021
2021-08-03,SEA,0.0,8,2021
2021-08-04,SEA,0.0125,8,2021
2021-08-05,SEA,0.0,8,2021
2021-08-06,SEA,0.05,8,2021
2021-08-07,SEA,0.0225,8,2021
2021-08-08,SEA,0.0925,8,2021
2021-08-09,SEA,0.0025,8,2021
2021-08-10,SEA,0.0,8,2021
2021-08-11,SEA,0.0,8,2021
2021-08-12,SEA,0.0,8,2021
2021-08-13,SEA,0.0,8,2021
2021-08-14,SEA,0.0,8,2021
2021-08-15,SEA,0.0,8,2021
2021-08-16,SEA,0.0,8,2021
2021-08-17,SEA,0.0,8,2021
2021-08-18,SEA,0.0,8,2021
2021-08-19,SEA,0.0,8,2021
2021-08-20,SEA,0.0,8,2021
2021-08-21,SEA,0.0,8,2021
2021-08-22,SEA,0.0,8,2021
2021-08-23,SEA,0.0,8,2021
2021-08-24,SEA,0.0,8,2021
2021-08-25,SEA,0.0,8,2021
2021-08-26,SEA,0.0,8,2021
2021-08-27,SEA,0.05,8,2021
2021-08-28,SEA,0.0175,8,2021
2021-08-29,SEA,0.0,8,2021
2021-08-30,SEA,0.0,8,2021
2021-08-31,SEA,0.005,8,2021
2021-09-01,SEA,0.0,9,2021
2021-09-02,SEA,0.0,9,2021
2021-09-03,SEA,0.0,9,2021
2021-09-04,SEA,0.0,9,2021
2021-09-05,SEA,0.0,9,2021
2021-09-06,SEA,0.006666666666666667,9,2021
2021-09-07,SEA,0.0,9,2021
2021-09-08,SEA,0.0025,9,2021
2021-09-09,SEA,0.0,9,2021
2021-09-10,SEA,0.0,9,2021
2021-09-11,SEA,0.01,9,2021
2021-09-12,SEA,0.023333333333333334,9,2021
2021-09-13,SEA,0.02666666666666667,9,2021
2021-09-14,SEA,0.0,9,2021
2021-09-15,SEA,0.034,9,2021
2021-09-16,SEA,0.0,9,2021
2021-09-17,SEA,0.12166666666666666,9,2021
2021-09-18,SEA,0.808,9,2021
2021-09-19,SEA,0.4666666666666666,9,2021
2021-09-20,SEA,0.14666666666666667,9,2021
2021-09-21,SEA,0.0,9,2021
2021-09-22,SEA,0.01,9,2021
2021-09-23,SEA,0.0,9,2021
2021-09-24,SEA,0.0,9,2021
2021-09-25,SEA,0.0,9,2021
2021-09-26,SEA,0.12,9,2021
2021-09-27,SEA,0.716,9,2021
2021-09-28,SEA,0.362,9,2021
2021-09-29,SEA,0.033999999999999996,9,2021
2021-09-30,SEA,0.27199999999999996,9,2021
2021-10-01,SEA,0.20500000000000002,10,2021
2021-10-02,SEA,0.0,10,2021
2021-10-03,SEA,0.014000000000000002,10,2021
2021-10-04,SEA,0.013333333333333334,10,2021
2021-10-05,SEA,0.154,10,2021
2021-10-06,SEA,0.14166666666666666,10,2021
2021-10-07,SEA,0.006,10,2021
2021-10-08,SEA,0.0,10,2021
2021-10-09,SEA,0.01,10,2021
2021-10-10,SEA,0.248,10,2021
2021-10-11,SEA,0.18833333333333332,10,2021
2021-10-12,SEA,0.036,10,2021
2021-10-13,SEA,0.043333333333333335,10,2021
2021-10-14,SEA,0.046,10,2021
2021-10-15,SEA,0.024,10,2021
2021-10-16,SEA,0.012,10,2021
2021-10-17,SEA,0.002,10,2021
2021-10-18,SEA,0.0225,10,2021
2021-10-19,SEA,0.0,10,2021
2021-10-20,SEA,0.188,10,2021
2021-10-21,SEA,0.1416666666666667,10,2021
2021-10-22,SEA,0.5583333333333333,10,2021
2021-10-23,SEA,0.03,10,2021
2021-10-24,SEA,0.14,10,2021
2021-10-25,SEA,0.298,10,2021
2021-10-26,SEA,0.19166666666666665,10,2021
2021-10-27,SEA,0.155,10,2021
2021-10-28,SEA,0.725,10,2021
2021-10-29,SEA,1.6533333333333333,10,2021
2021-10-30,SEA,0.051666666666666666,10,2021
2021-10-31,SEA,0.0,10,2021
2021-11-01,SEA,0.028000000000000004,11,2021
2021-11-02,SEA,0.135,11,2021
2021-11-03,SEA,0.178,11,2021
2021-11-04,SEA,0.6566666666666666,11,2021
2021-11-05,SEA,0.4566666666666666,11,2021
2021-11-06,SEA,0.09833333333333333,11,2021
2021-11-07,SEA,0.67,11,2021
2021-11-08,SEA,0.21833333333333335,11,2021
2021-11-09,SEA,0.355,11,2021
2021-11-10,SEA,0.278,11,2021
2021-11-11,SEA,0.372,11,2021
2021-11-12,SEA,0.9940000000000001,11,2021
2021-11-13,SEA,0.49400000000000005,11,2021
2021-11-14,SEA,0.65,11,2021
2021-11-15,SEA,0.534,11,2021
2021-11-16,SEA,0.27,11,2021
2021-11-17,SEA,0.005,11,2021
2021-11-18,SEA,0.11249999999999999,11,2021
2021-11-19,SEA,0.48599999999999993,11,2021
2021-11-20,SEA,0.07666666666666667,11,2021
2021-11-21,SEA,0.0,11,2021
2021-11-22,SEA,0.02,11,2021
2021-11-23,SEA,0.58,11,2021
2021-11-24,SEA,0.018,11,2021
2021-11-25,SEA,0.31999999999999995,11,2021
2021-11-26,SEA,0.372,11,2021
2021-11-27,SEA,0.08,11,2021
2021-11-28,SEA,0.4125,11,2021
2021-11-29,SEA,0.154,11,2021
2021-11-30,SEA,0.025,11,2021
2021-12-01,SEA,0.027999999999999997,12,2021
2021-12-02,SEA,0.092,12,2021
2021-12-03,SEA,0.124,12,2021
2021-12-04,SEA,0.14333333333333334,12,2021
2021-12-05,SEA,0.2325,12,2021
2021-12-06,SEA,0.023333333333333334,12,2021
2021-12-07,SEA,0.11750000000000001,12,2021
2021-12-08,SEA,0.045,12,2021
2021-12-09,SEA,0.08399999999999999,12,2021
2021-12-10,SEA,0.01,12,2021
2021-12-11,SEA,0.75,12,2021
2021-12-12,SEA,0.13999999999999999,12,2021
2021-12-13,SEA,0.298,12,2021
2021-12-14,SEA,0.0775,12,2021
2021-12-15,SEA,0.124,12,2021
2021-12-16,SEA,0.12,12,2021
2021-12-17,SEA,0.074,12,2021
2021-12-18,SEA,0.5275000000000001,12,2021
2021-12-19,SEA,0.314,12,2021
2021-12-20,SEA,0.068,12,2021
2021-12-21,SEA,0.06999999999999999,12,2021
2021-12-22,SEA,0.39,12,2021
2021-12-23,SEA,0.5700000000000001,12,2021
2021-12-24,SEA,0.192,12,2021
2021-12-25,SEA,0.354,12,2021
2021-12-26,SEA,0.3,12,2021
2021-12-27,SEA,0.122,12,2021
2021-12-28,SEA,0.0375,12,2021
2021-12-29,SEA,0.0,12,2021
2021-12-30,SEA,0.16749999999999998,12,2021
2021-12-31,SEA,0.006,12,2021
2022-01-01,SEA,0.0,1,2022
2022-01-02,SEA,0.16,1,2022
2022-01-03,SEA,1.7719999999999998,1,2022
2022-01-04,SEA,0.304,1,2022
2022-01-05,SEA,0.14,1,2022
2022-01-06,SEA,1.004,1,2022
2022-01-07,SEA,1.422,1,2022
2022-01-08,SEA,0.31999999999999995,1,2022
2022-01-09,SEA,0.0,1,2022
2022-01-10,SEA,0.136,1,2022
2022-01-11,SEA,0.8960000000000001,1,2022
2022-01-12,SEA,0.52,1,2022
2022-01-13,SEA,0.28,1,2022
2022-01-14,SEA,0.02,1,2022
2022-01-15,SEA,0.008,1,2022
2022-01-16,SEA,0.0033333333333333335,1,2022
2022-01-17,SEA,0.0075,1,2022
2022-01-18,SEA,0.0225,1,2022
2022-01-19,SEA,0.044,1,2022
2022-01-20,SEA,0.09833333333333333,1,2022
2022-01-21,SEA,0.14250000000000002,1,2022
2022-01-22,SEA,0.004,1,2022
2022-01-23,SEA,0.0,1,2022
2022-01-24,SEA,0.0,1,2022
2022-01-25,SEA,0.0,1,2022
2022-01-26,SEA,0.0,1,2022
2022-01-27,SEA,0.0,1,2022
2022-01-28,SEA,0.0,1,2022
2022-01-29,SEA,0.0,1,2022
2022-01-30,SEA,0.06000000000000001,1,2022
2022-01-31,SEA,0.23399999999999999,1,2022
2022-02-01,SEA,0.01,2,2022
2022-02-02,SEA,0.04,2,2022
2022-02-03,SEA,0.08666666666666667,2,2022
2022-02-04,SEA,0.035,2,2022
2022-02-05,SEA,0.018,2,2022
2022-02-06,SEA,0.0025,2,2022
2022-02-07,SEA,0.0,2,2022
2022-02-08,SEA,0.0075,2,2022
2022-02-09,SEA,0.008333333333333333,2,2022
2022-02-10,SEA,0.021666666666666667,2,2022
2022-02-11,SEA,0.0175,2,2022
2022-02-12,SEA,0.0,2,2022
2022-02-13,SEA,0.0,2,2022
2022-02-14,SEA,0.05857142857142857,2,2022
2022-02-15,SEA,0.06999999999999999,2,2022
2022-02-16,SEA,0.006666666666666667,2,2022
2022-02-17,SEA,0.0,2,2022
2022-02-18,SEA,0.0,2,2022
2022-02-19,SEA,0.012857142857142857,2,2022
2022-02-20,SEA,0.12142857142857144,2,2022
2022-02-21,SEA,0.19142857142857145,2,2022
2022-02-22,SEA,0.03142857142857143,2,2022
2022-02-23,SEA,0.0,2,2022
2022-02-24,SEA,0.005714285714285714,2,2022
2022-02-25,SEA,0.0,2,2022
2022-02-26,SEA,0.072,2,2022
2022-02-27,SEA,0.6714285714285715,2,2022
2022-02-28,SEA,1.937142857142857,2,2022
2022-03-01,SEA,0.7771428571428572,3,2022
2022-03-02,SEA,0.05833333333333333,3,2022
2022-03-03,SEA,0.24833333333333332,3,2022
2022-03-04,SEA,0.045,3,2022
2022-03-05,SEA,0.03333333333333333,3,2022
2022-03-06,SEA,0.0,3,2022
2022-03-07,SEA,0.0,3,2022
2022-03-08,SEA,0.096,3,2022
2022-03-09,SEA,0.025,3,2022
2022-03-10,SEA,0.0,3,2022
2022-03-11,SEA,0.004,3,2022
2022-03-12,SEA,0.004,3,2022
2022-03-13,SEA,0.092,3,2022
2022-03-14,SEA,0.18,3,2022
2022-03-15,SEA,0.39,3,2022
2022-03-16,SEA,0.05600000000000001,3,2022
2022-03-17,SEA,0.005,3,2022
2022-03-18,SEA,0.1325,3,2022
2022-03-19,SEA,0.47,3,2022
2022-03-20,SEA,0.19666666666666666,3,2022
2022-03-21,SEA,0.36000000000000004,3,2022
2022-03-22,SEA,0.14333333333333334,3,2022
2022-03-23,SEA,0.035,3,2022
2022-03-24,SEA,0.25333333333333335,3,2022
2022-03-25,SEA,0.0,3,2022
2022-03-26,SEA,0.007500000000000001,3,2022
2022-03-27,SEA,0.03,3,2022
2022-03-28,SEA,0.0,3,2022
2022-03-29,SEA,0.006,3,2022
2022-03-30,SEA,0.0,3,2022
2022-03-31,SEA,0.21750000000000003,3,2022
2022-04-01,SEA,0.01,4,2022
2022-04-02,SEA,0.092,4,2022
2022-04-03,SEA,0.0625,4,2022
2022-04-04,SEA,0.8400000000000001,4,2022
2022-04-05,SEA,0.08499999999999999,4,2022
2022-04-06,SEA,0.0025,4,2022
2022-04-07,SEA,0.0,4,2022
2022-04-08,SEA,0.064,4,2022
2022-04-09,SEA,0.095,4,2022
2022-04-10,SEA,0.302,4,2022
2022-04-11,SEA,0.036666666666666674,4,2022
2022-04-12,SEA,0.004,4,2022
2022-04-13,SEA,0.011666666666666667,4,2022
2022-04-14,SEA,0.028000000000000004,4,2022
2022-04-15,SEA,0.052000000000000005,4,2022
2022-04-16,SEA,0.002,4,2022
2022-04-17,SEA,0.037500000000000006,4,2022
2022-04-18,SEA,0.10166666666666667,4,2022
2022-04-19,SEA,0.29833333333333334,4,2022
2022-04-20,SEA,0.024,4,2022
2022-04-21,SEA,0.188,4,2022
2022-04-22,SEA,0.1975,4,2022
2022-04-23,SEA,0.008,4,2022
2022-04-24,SEA,0.0,4,2022
2022-04-25,SEA,0.16166666666666665,4,2022
2022-04-26,SEA,0.022857142857142857,4,2022
2022-04-27,SEA,0.03571428571428571,4,2022
2022-04-28,SEA,0.04,4,2022
2022-04-29,SEA,0.04,4,2022
2022-04-30,SEA,0.36999999999999994,4,2022
2022-05-01,SEA,0.028000000000000004,5,2022
2022-05-02,SEA,0.3516666666666666,5,2022
2022-05-03,SEA,0.11333333333333334,5,2022
2022-05-04,SEA,0.008333333333333333,5,2022
2022-05-05,SEA,0.04833333333333334,5,2022
2022-05-06,SEA,0.4283333333333333,5,2022
2022-05-07,SEA,0.515,5,2022
2022-05-08,SEA,0.02666666666666667,5,2022
2022-05-09,SEA,0.018,5,2022
2022-05-10,SEA,0.011666666666666667,5,2022
2022-05-11,SEA,0.03,5,2022
2022-05-12,SEA,0.09,5,2022
2022-05-13,SEA,0.36,5,2022
2022-05-14,SEA,0.09500000000000001,5,2022
2022-05-15,SEA,0.2,5,2022
2022-05-16,SEA,0.47400000000000003,5,2022
2022-05-17,SEA,0.006666666666666667,5,2022
2022-05-18,SEA,0.21166666666666667,5,2022
2022-05-19,SEA,0.10833333333333334,5,2022
2022-05-20,SEA,0.0025,5,2022
2022-05-21,SEA,0.0,5,2022
2022-05-22,SEA,0.0,5,2022
2022-05-23,SEA,0.0,5,2022
2022-05-24,SEA,0.0,5,2022
2022-05-25,SEA,0.02666666666666667,5,2022
2022-05-26,SEA,0.06,5,2022
2022-05-27,SEA,0.18666666666666668,5,2022
2022-05-28,SEA,0.043333333333333335,5,2022
2022-05-29,SEA,0.43999999999999995,5,2022
2022-05-30,SEA,0.4033333333333333,5,2022
2022-05-31,SEA,0.02,5,2022
2022-06-01,SEA,0.0,6,2022
2022-06-02,SEA,0.0475,6,2022
2022-06-03,SEA,0.268,6,2022
2022-06-04,SEA,0.18,6,2022
2022-06-05,SEA,0.8850000000000001,6,2022
2022-06-06,SEA,0.1742857142857143,6,2022
2022-06-07,SEA,0.0025,6,2022
2022-06-08,SEA,0.006666666666666667,6,2022
2022-06-09,SEA,0.312,6,2022
2022-06-10,SEA,0.958,6,2022
2022-06-11,SEA,0.11200000000000002,6,2022
2022-06-12,SEA,0.03666666666666667,6,2022
2022-06-13,SEA,0.085,6,2022
2022-06-14,SEA,0.14666666666666667,6,2022
2022-06-15,SEA,0.0,6,2022
2022-06-16,SEA,0.022,6,2022
2022-06-17,SEA,0.042,6,2022
2022-06-18,SEA,0.115,6,2022
2022-06-19,SEA,0.04,6,2022
2022-06-20,SEA,0.0,6,2022
2022-06-21,SEA,0.0,6,2022
2022-06-22,SEA,0.02,6,2022
2022-06-23,SEA,0.016,6,2022
2022-06-24,SEA,0.0,6,2022
2022-06-25,SEA,0.0,6,2022
2022-06-26,SEA,0.0,6,2022
2022-06-27,SEA,0.0,6,2022
2022-06-28,SEA,0.0,6,2022
2022-06-29,SEA,0.0,6,2022
2022-06-30,SEA,0.0,6,2022
2022-07-01,SEA,0.0,7,2022
2022-07-02,SEA,0.0,7,2022
2022-07-03,SEA,0.03,7,2022
2022-07-04,SEA,0.086,7,2022
2022-07-05,SEA,0.0125,7,2022
2022-07-06,SEA,0.05800000000000001,7,2022
2022-07-07,SEA,0.0325,7,2022
2022-07-08,SEA,0.004,7,2022
2022-07-09,SEA,0.0,7,2022
2022-07-10,SEA,0.0,7,2022
2022-07-11,SEA,0.0,7,2022
2022-07-12,SEA,0.0,7,2022
2022-07-13,SEA,0.0,7,2022
2022-07-14,SEA,0.0,7,2022
2022-07-15,SEA,0.0,7,2022
2022-07-16,SEA,0.0,7,2022
2022-07-17,SEA,0.002,7,2022
2022-07-18,SEA,0.02,7,2022
2022-07-19,SEA,0.0,7,2022
2022-07-20,SEA,0.0,7,2022
2022-07-21,SEA,0.0,7,2022
2022-07-22,SEA,0.0,7,2022
2022-07-23,SEA,0.0,7,2022
2022-07-24,SEA,0.0,7,2022
2022-07-25,SEA,0.0,7,2022
2022-07-26,SEA,0.0,7,2022
2022-07-27,SEA,0.0,7,2022
2022-07-28,SEA,0.0,7,2022
2022-07-29,SEA,0.0,7,2022
2022-07-30,SEA,0.0,7,2022
2022-07-31,SEA,0.0,7,2022
2022-08-01,SEA,0.004,8,2022
2022-08-02,SEA,0.0,8,2022
2022-08-03,SEA,0.0,8,2022
2022-08-04,SEA,0.0,8,2022
2022-08-05,SEA,0.037500000000000006,8,2022
2022-08-06,SEA,0.0,8,2022
2022-08-07,SEA,0.0,8,2022
2022-08-08,SEA,0.0,8,2022
2022-08-09,SEA,0.004,8,2022
2022-08-10,SEA,0.01,8,2022
2022-08-11,SEA,0.0275,8,2022
2022-08-12,SEA,0.0,8,2022
2022-08-13,SEA,0.0,8,2022
2022-08-14,SEA,0.0,8,2022
2022-08-15,SEA,0.0,8,2022
2022-08-16,SEA,0.0,8,2022
2022-08-17,SEA,0.0,8,2022
2022-08-18,SEA,0.0,8,2022
2022-08-19,SEA,0.01,8,2022
2022-08-20,SEA,0.0275,8,2022
2022-08-21,SEA,0.0,8,2022
2022-08-22,SEA,0.0,8,2022
2022-08-23,SEA,0.0,8,2022
2022-08-24,SEA,0.0,8,2022
2022-08-25,SEA,0.0,8,2022
2022-08-26,SEA,0.0,8,2022
2022-08-27,SEA,0.015000000000000001,8,2022
2022-08-28,SEA,0.0075,8,2022
2022-08-29,SEA,0.0,8,2022
2022-08-30,SEA,0.0,8,2022
2022-08-31,SEA,0.0,8,2022
2022-09-01,SEA,0.0,9,2022
2022-09-02,SEA,0.0,9,2022
2022-09-03,SEA,0.035,9,2022
2022-09-04,SEA,0.0275,9,2022
2022-09-05,SEA,0.023333333333333334,9,2022
2022-09-06,SEA,0.0,9,2022
2022-09-07,SEA,0.0,9,2022
2022-09-08,SEA,0.0,9,2022
2022-09-09,SEA,0.0,9,2022
2022-09-10,SEA,0.0,9,2022
2022-09-11,SEA,0.0,9,2022
2022-09-12,SEA,0.0,9,2022
2022-09-13,SEA,0.0,9,2022
2022-09-14,SEA,0.0,9,2022
2022-09-15,SEA,0.0,9,2022
2022-09-16,SEA,0.03,9,2022
2022-09-17,SEA,0.014000000000000002,9,2022
2022-09-18,SEA,0.0,9,2022
2022-09-19,SEA,0.0,9,2022
2022-09-20,SEA,0.0,9,2022
2022-09-21,SEA,0.0,9,2022
2022-09-22,SEA,0.0,9,2022
2022-09-23,SEA,0.0,9,2022
2022-09-24,SEA,0.0,9,2022
2022-09-25,SEA,0.0,9,2022
2022-09-26,SEA,0.0,9,2022
2022-09-27,SEA,0.0,9,2022
2022-09-28,SEA,0.0,9,2022
2022-09-29,SEA,0.02666666666666667,9,2022
2022-09-30,SEA,0.0,9,2022
2022-10-01,SEA,0.0,10,2022
2022-10-02,SEA,0.0,10,2022
2022-10-03,SEA,0.0,10,2022
2022-10-04,SEA,0.0,10,2022
2022-10-05,SEA,0.0025,10,2022
2022-10-06,SEA,0.0,10,2022
2022-10-07,SEA,0.0,10,2022
2022-10-08,SEA,0.0,10,2022
2022-10-09,SEA,0.0,10,2022
2022-10-10,SEA,0.0025,10,2022
2022-10-11,SEA,0.0,10,2022
2022-10-12,SEA,0.0,10,2022
2022-10-13,SEA,0.0,10,2022
2022-10-14,SEA,0.0,10,2022
2022-10-15,SEA,0.0,10,2022
2022-10-16,SEA,0.0,10,2022
2022-10-17,SEA,0.0,10,2022
2022-10-18,SEA,0.0,10,2022
2022-10-19,SEA,0.0,10,2022
2022-10-20,SEA,0.0,10,2022
2022-10-21,SEA,0.10333333333333333,10,2022
2022-10-22,SEA,0.4175,10,2022
2022-10-23,SEA,0.21200000000000002,10,2022
2022-10-24,SEA,0.10500000000000001,10,2022
2022-10-25,SEA,0.13799999999999998,10,2022
2022-10-26,SEA,0.28,10,2022
2022-10-27,SEA,0.0075,10,2022
2022-10-28,SEA,0.45600000000000007,10,2022
2022-10-29,SEA,0.028000000000000004,10,2022
2022-10-30,SEA,0.025,10,2022
2022-10-31,SEA,0.7916666666666666,10,2022
2022-11-01,SEA,0.039999999999999994,11,2022
2022-11-02,SEA,0.252,11,2022
2022-11-03,SEA,0.125,11,2022
2022-11-04,SEA,0.402,11,2022
2022-11-05,SEA,0.016,11,2022
2022-11-06,SEA,0.8925,11,2022
2022-11-07,SEA,0.252,11,2022
2022-11-08,SEA,0.296,11,2022
2022-11-09,SEA,0.005,11,2022
2022-11-10,SEA,0.0,11,2022
2022-11-11,SEA,0.0,11,2022
2022-11-12,SEA,0.0,11,2022
2022-11-13,SEA,0.0,11,2022
2022-11-14,SEA,0.0,11,2022
2022-11-15,SEA,0.0,11,2022
2022-11-16,SEA,0.0,11,2022
2022-11-17,SEA,0.0,11,2022
2022-11-18,SEA,0.0,11,2022
2022-11-19,SEA,0.0,11,2022
2022-11-20,SEA,0.0,11,2022
2022-11-21,SEA,0.002,11,2022
2022-11-22,SEA,0.325,11,2022
2022-11-23,SEA,0.7483333333333334,11,2022
2022-11-24,SEA,0.0025,11,2022
2022-11-25,SEA,0.16333333333333333,11,2022
2022-11-26,SEA,0.5549999999999999,11,2022
2022-11-27,SEA,0.20500000000000002,11,2022
2022-11-28,SEA,0.07666666666666667,11,2022
2022-11-29,SEA,0.022,11,2022
2022-11-30,SEA,1.2,11,2022
2022-12-01,SEA,0.048,12,2022
2022-12-02,SEA,0.01,12,2022
2022-12-03,SEA,0.606,12,2022
2022-12-04,SEA,0.064,12,2022
2022-12-05,SEA,0.128,12,2022
2022-12-06,SEA,0.018,12,2022
2022-12-07,SEA,0.03,12,2022
2022-12-08,SEA,0.198,12,2022
2022-12-09,SEA,0.065,12,2022
2022-12-10,SEA,0.844,12,2022
2022-12-11,SEA,0.256,12,2022
2022-12-12,SEA,0.092,12,2022
2022-12-13,SEA,0.018,12,2022
2022-12-14,SEA,0.004,12,2022
2022-12-15,SEA,0.0,12,2022
2022-12-16,SEA,0.0,12,2022
2022-12-17,SEA,0.05000000000000001,12,2022
2022-12-18,SEA,0.0475,12,2022
2022-12-19,SEA,0.07333333333333335,12,2022
2022-12-20,SEA,0.42,12,2022
2022-12-21,SEA,0.1875,12,2022
2022-12-22,SEA,0.01,12,2022
2022-12-23,SEA,0.22999999999999998,12,2022
2022-12-24,SEA,0.85,12,2022
2022-12-25,SEA,0.7399999999999999,12,2022
2022-12-26,SEA,1.53,12,2022
2022-12-27,SEA,0.5866666666666667,12,2022
2022-12-28,SEA,0.38000000000000006,12,2022
2022-12-29,SEA,0.10999999999999999,12,2022
2022-12-30,SEA,0.6166666666666667,12,2022
2022-12-31,SEA,0.15000000000000002,12,2022
2023-01-01,SEA,0.016666666666666666,1,2023
2023-01-02,SEA,0.0033333333333333335,1,2023
2023-01-03,SEA,0.0,1,2023
2023-01-04,SEA,0.007500000000000001,1,2023
2023-01-05,SEA,0.0275,1,2023
2023-01-06,SEA,0.06333333333333334,1,2023
2023-01-07,SEA,0.2866666666666667,1,2023
2023-01-08,SEA,0.2733333333333334,1,2023
2023-01-09,SEA,0.3275,1,2023
2023-01-10,SEA,0.5775,1,2023
2023-01-11,SEA,0.046,1,2023
2023-01-12,SEA,0.4640000000000001,1,2023
2023-01-13,SEA,0.518,1,2023
2023-01-14,SEA,0.2175,1,2023
2023-01-15,SEA,0.15,1,2023
2023-01-16,SEA,0.2525,1,2023
2023-01-17,SEA,0.0225,1,2023
2023-01-18,SEA,0.1725,1,2023
2023-01-19,SEA,0.205,1,2023
2023-01-20,SEA,0.0,1,2023
2023-01-21,SEA,0.049999999999999996,1,2023
2023-01-22,SEA,0.24,1,2023
2023-01-23,SEA,0.0033333333333333335,1,2023
2023-01-24,SEA,0.0,1,2023
2023-01-25,SEA,0.0325,1,2023
2023-01-26,SEA,0.0075,1,2023
2023-01-27,SEA,0.1675,1,2023
2023-01-28,SEA,0.08333333333333333,1,2023
2023-01-29,SEA,0.0,1,2023
2023-01-30,SEA,0.0,1,2023
2023-01-31,SEA,0.0,1,2023
2023-02-01,SEA,0.0,2,2023
2023-02-02,SEA,0.0,2,2023
2023-02-03,SEA,0.06999999999999999,2,2023
2023-02-04,SEA,0.33,2,2023
2023-02-05,SEA,0.08666666666666667,2,2023
2023-02-06,SEA,0.125,2,2023
2023-02-07,SEA,0.18000000000000002,2,2023
2023-02-08,SEA,0.095,2,2023
2023-02-09,SEA,0.03,2,2023
2023-02-10,SEA,0.04,2,2023
2023-02-11,SEA,0.0,2,2023
2023-02-12,SEA,0.0033333333333333335,2,2023
2023-02-13,SEA,0.09,2,2023
2023-02-14,SEA,0.1975,2,2023
2023-02-15,SEA,0.0,2,2023
2023-02-16,SEA,0.0,2,2023
2023-02-17,SEA,0.25,2,2023
2023-02-18,SEA,0.08333333333333333,2,2023
2023-02-19,SEA,0.06333333333333334,2,2023
2023-02-20,SEA,0.2725,2,2023
2023-02-21,SEA,0.06999999999999999,2,2023
2023-02-22,SEA,0.33499999999999996,2,2023
2023-02-23,SEA,0.022,2,2023
2023-02-24,SEA,0.0,2,2023
2023-02-25,SEA,0.006666666666666667,2,2023
2023-02-26,SEA,0.315,2,2023
2023-02-27,SEA,0.04,2,2023
2023-02-28,SEA,0.22199999999999998,2,2023
2023-03-01,SEA,0.02666666666666667,3,2023
2023-03-02,SEA,0.155,3,2023
2023-03-03,SEA,0.0825,3,2023
2023-03-04,SEA,0.48750000000000004,3,2023
2023-03-05,SEA,0.1366666666666667,3,2023
2023-03-06,SEA,0.1775,3,2023
2023-03-07,SEA,0.006666666666666667,3,2023
2023-03-08,SEA,0.0033333333333333335,3,2023
2023-03-09,SEA,0.049999999999999996,3,2023
2023-03-10,SEA,0.185,3,2023
2023-03-11,SEA,0.03,3,2023
2023-03-12,SEA,0.0,3,2023
2023-03-13,SEA,0.7933333333333333,3,2023
2023-03-14,SEA,0.04,3,2023
2023-03-15,SEA,0.008,3,2023
2023-03-16,SEA,0.005,3,2023
2023-03-17,SEA,0.005,3,2023
2023-03-18,SEA,0.0,3,2023
2023-03-19,SEA,0.0,3,2023
2023-03-20,SEA,0.134,3,2023
2023-03-21,SEA,0.034,3,2023
2023-03-22,SEA,0.0075,3,2023
2023-03-23,SEA,0.01,3,2023
2023-03-24,SEA,0.02,3,2023
2023-03-25,SEA,0.3075,3,2023
2023-03-26,SEA,0.005,3,2023
2023-03-27,SEA,0.0,3,2023
2023-03-28,SEA,0.0,3,2023
2023-03-29,SEA,0.0,3,2023
2023-03-30,SEA,0.0,3,2023
2023-03-31,SEA,0.1,3,2023
2023-04-01,SEA,0.26333333333333336,4,2023
2023-04-02,SEA,0.1125,4,2023
2023-04-03,SEA,0.27,4,2023
2023-04-04,SEA,0.07250000000000001,4,2023
2023-04-05,SEA,0.0,4,2023
2023-04-06,SEA,0.126,4,2023
2023-04-07,SEA,0.5266666666666667,4,2023
2023-04-08,SEA,0.038,4,2023
2023-04-09,SEA,0.22200000000000003,4,2023
2023-04-10,SEA,0.454,4,2023
2023-04-11,SEA,0.458,4,2023
2023-04-12,SEA,0.008,4,2023
2023-04-13,SEA,0.0,4,2023
2023-04-14,SEA,0.0,4,2023
2023-04-15,SEA,0.006666666666666667,4,2023
2023-04-16,SEA,0.13333333333333333,4,2023
2023-04-17,SEA,0.22999999999999998,4,2023
2023-04-18,SEA,0.182,4,2023
2023-04-19,SEA,0.042,4,2023
2023-04-20,SEA,0.0875,4,2023
2023-04-21,SEA,0.27,4,2023
2023-04-22,SEA,0.0425,4,2023
2023-04-23,SEA,0.35250000000000004,4,2023
2023-04-24,SEA,0.12666666666666668,4,2023
2023-04-25,SEA,0.0075,4,2023
2023-04-26,SEA,0.0,4,2023
2023-04-27,SEA,0.0,4,2023
2023-04-28,SEA,0.0,4,2023
2023-04-29,SEA,0.0,4,2023
2023-04-30,SEA,0.0,4,2023
2023-05-01,SEA,0.006666666666666667,5,2023
2023-05-02,SEA,0.034,5,2023
2023-05-03,SEA,0.0,5,2023
2023-05-04,SEA,0.022,5,2023
2023-05-05,SEA,0.38,5,2023
2023-05-06,SEA,0.43,5,2023
2023-05-07,SEA,0.0475,5,2023
2023-05-08,SEA,0.0033333333333333335,5,2023
2023-05-09,SEA,0.005,5,2023
2023-05-10,SEA,0.0,5,2023
2023-05-11,SEA,0.0,5,2023
2023-05-12,SEA,0.0,5,2023
2023-05-13,SEA,0.0,5,2023
2023-05-14,SEA,0.0,5,2023
2023-05-15,SEA,0.0,5,2023
2023-05-16,SEA,0.024999999999999998,5,2023
2023-05-17,SEA,0.0,5,2023
2023-05-18,SEA,0.0,5,2023
2023-05-19,SEA,0.0,5,2023
2023-05-20,SEA,0.0033333333333333335,5,2023
2023-05-21,SEA,0.0,5,2023
2023-05-22,SEA,0.1,5,2023
2023-05-23,SEA,0.0025,5,2023
2023-05-24,SEA,0.0,5,2023
2023-05-25,SEA,0.0,5,2023
2023-05-26,SEA,0.0,5,2023
2023-05-27,SEA,0.0,5,2023
2023-05-28,SEA,0.0,5,2023
2023-05-29,SEA,0.0,5,2023
2023-05-30,SEA,0.0,5,2023
2023-05-31,SEA,0.0,5,2023
2023-06-01,SEA,0.0,6,2023
2023-06-02,SEA,0.0,6,2023
2023-06-03,SEA,0.0,6,2023
2023-06-04,SEA,0.0,6,2023
2023-06-05,SEA,0.0,6,2023
2023-06-06,SEA,0.0,6,2023
2023-06-07,SEA,0.0,6,2023
2023-06-08,SEA,0.0,6,2023
2023-06-09,SEA,0.075,6,2023
2023-06-10,SEA,0.31,6,2023
2023-06-11,SEA,0.045,6,2023
2023-06-12,SEA,0.0,6,2023
2023-06-13,SEA,0.0,6,2023
2023-06-14,SEA,0.005,6,2023
2023-06-15,SEA,0.0,6,2023
2023-06-16,SEA,0.065,6,2023
2023-06-17,SEA,0.2233333333333333,6,2023
2023-06-18,SEA,0.11666666666666665,6,2023
2023-06-19,SEA,0.18999999999999997,6,2023
2023-06-20,SEA,0.31666666666666665,6,2023
2023-06-21,SEA,0.05333333333333334,6,2023
2023-06-22,SEA,0.0,6,2023
2023-06-23,SEA,0.0,6,2023
2023-06-24,SEA,0.0,6,2023
2023-06-25,SEA,0.0,6,2023
2023-06-26,SEA,0.0,6,2023
2023-06-27,SEA,0.0,6,2023
2023-06-28,SEA,0.0,6,2023
2023-06-29,SEA,0.0,6,2023
2023-06-30,SEA,0.0,6,2023
2023-07-01,SEA,0.0,7,2023
2023-07-02,SEA,0.0,7,2023
2023-07-03,SEA,0.0,7,2023
2023-07-04,SEA,0.0,7,2023
2023-07-05,SEA,0.0,7,2023
2023-07-06,SEA,0.0,7,2023
2023-07-07,SEA,0.0,7,2023
2023-07-08,SEA,0.0,7,2023
2023-07-09,SEA,0.0,7,2023
2023-07-10,SEA,0.0,7,2023
2023-07-11,SEA,0.0,7,2023
2023-07-12,SEA,0.0,7,2023
2023-07-13,SEA,0.0,7,2023
2023-07-14,SEA,0.0,7,2023
2023-07-15,SEA,0.0,7,2023
2023-07-16,SEA,0.0,7,2023
2023-07-17,SEA,0.0,7,2023
2023-07-18,SEA,0.0,7,2023
2023-07-19,SEA,0.0,7,2023
2023-07-20,SEA,0.0,7,2023
2023-07-21,SEA,0.0,7,2023
2023-07-22,SEA,0.0,7,2023
2023-07-23,SEA,0.0,7,2023
2023-07-24,SEA,0.03,7,2023
2023-07-25,SEA,0.08,7,2023
2023-07-26,SEA,0.0,7,2023
2023-07-27,SEA,0.0,7,2023
2023-07-28,SEA,0.0,7,2023
2023-07-29,SEA,0.0,7,2023
2023-07-30,SEA,0.0,7,2023
2023-07-31,SEA,0.0,7,2023
2023-08-01,SEA,0.0,8,2023
2023-08-02,SEA,0.0,8,2023
2023-08-03,SEA,0.0,8,2023
2023-08-04,SEA,0.0,8,2023
2023-08-05,SEA,0.006666666666666667,8,2023
2023-08-06,SEA,0.006666666666666667,8,2023
2023-08-07,SEA,0.043333333333333335,8,2023
2023-08-08,SEA,0.03,8,2023
2023-08-09,SEA,0.01,8,2023
2023-08-10,SEA,0.02,8,2023
2023-08-11,SEA,0.0,8,2023
2023-08-12,SEA,0.0,8,2023
2023-08-13,SEA,0.0,8,2023
2023-08-14,SEA,0.0,8,2023
2023-08-15,SEA,0.0,8,2023
2023-08-16,SEA,0.0,8,2023
2023-08-17,SEA,0.0,8,2023
2023-08-18,SEA,0.0,8,2023
2023-08-19,SEA,0.0,8,2023
2023-08-20,SEA,0.0,8,2023
2023-08-21,SEA,0.0,8,2023
2023-08-22,SEA,0.006666666666666667,8,2023
2023-08-23,SEA,0.055,8,2023
2023-08-24,SEA,0.0,8,2023
2023-08-25,SEA,0.006666666666666667,8,2023
2023-08-26,SEA,0.0033333333333333335,8,2023
2023-08-27,SEA,0.0,8,2023
2023-08-28,SEA,0.0,8,2023
2023-08-29,SEA,0.03,8,2023
2023-08-30,SEA,0.14750000000000002,8,2023
2023-08-31,SEA,0.023333333333333334,8,2023
2023-09-01,SEA,0.006666666666666667,9,2023
2023-09-02,SEA,0.0,9,2023
2023-09-03,SEA,0.02,9,2023
2023-09-04,SEA,0.04,9,2023
2023-09-05,SEA,0.013333333333333334,9,2023
2023-09-06,SEA,0.0,9,2023
2023-09-07,SEA,0.0,9,2023
2023-09-08,SEA,0.0,9,2023
2023-09-09,SEA,0.0,9,2023
2023-09-10,SEA,0.0,9,2023
2023-09-11,SEA,0.0,9,2023
2023-09-12,SEA,0.016666666666666666,9,2023
2023-09-13,SEA,0.0325,9,2023
2023-09-14,SEA,0.0,9,2023
2023-09-15,SEA,0.0,9,2023
2023-09-16,SEA,0.0,9,2023
2023-09-17,SEA,0.0,9,2023
2023-09-18,SEA,0.0975,9,2023
2023-09-19,SEA,0.0,9,2023
2023-09-20,SEA,0.5175,9,2023
2023-09-21,SEA,0.013333333333333334,9,2023
2023-09-22,SEA,0.0,9,2023
2023-09-23,SEA,0.0375,9,2023
2023-09-24,SEA,0.186,9,2023
2023-09-25,SEA,0.8560000000000001,9,2023
2023-09-26,SEA,0.7775,9,2023
2023-09-27,SEA,0.7233333333333333,9,2023
2023-09-28,SEA,0.576,9,2023
2023-09-29,SEA,0.154,9,2023
2023-09-30,SEA,0.0025,9,2023
2023-10-01,SEA,0.0,10,2023
2023-10-02,SEA,0.0,10,2023
2023-10-03,SEA,0.246,10,2023
2023-10-04,SEA,0.0,10,2023
2023-10-05,SEA,0.0,10,2023
2023-10-06,SEA,0.0,10,2023
2023-10-07,SEA,0.0,10,2023
2023-10-08,SEA,0.0,10,2023
2023-10-09,SEA,0.0075,10,2023
2023-10-10,SEA,0.13599999999999998,10,2023
2023-10-11,SEA,0.646,10,2023
2023-10-12,SEA,0.16499999999999998,10,2023
2023-10-13,SEA,0.06,10,2023
2023-10-14,SEA,0.13,10,2023
2023-10-15,SEA,0.02,10,2023
2023-10-16,SEA,0.32,10,2023
2023-10-17,SEA,0.2525,10,2023
2023-10-18,SEA,0.06166666666666667,10,2023
2023-10-19,SEA,0.0,10,2023
2023-10-20,SEA,0.0,10,2023
2023-10-21,SEA,0.005,10,2023
2023-10-22,SEA,0.01,10,2023
2023-10-23,SEA,0.004,10,2023
2023-10-24,SEA,0.12,10,2023
2023-10-25,SEA,0.624,10,2023
2023-10-26,SEA,0.013333333333333334,10,2023
2023-10-27,SEA,0.0,10,2023
2023-10-28,SEA,0.0,10,2023
2023-10-29,SEA,0.0,10,2023
2023-10-30,SEA,0.0,10,2023
2023-10-31,SEA,0.0,10,2023
2023-11-01,SEA,0.1075,11,2023
2023-11-02,SEA,0.9775,11,2023
2023-11-03,SEA,0.18000000000000002,11,2023
2023-11-04,SEA,0.905,11,2023
2023-11-05,SEA,0.4875,11,2023
2023-11-06,SEA,0.415,11,2023
2023-11-07,SEA,0.4675,11,2023
2023-11-08,SEA,0.013333333333333334,11,2023
2023-11-09,SEA,0.04666666666666667,11,2023
2023-11-10,SEA,0.15666666666666665,11,2023
2023-11-11,SEA,0.3575,11,2023
2023-11-12,SEA,0.085,11,2023
2023-11-13,SEA,0.2,11,2023
2023-11-14,SEA,0.022,11,2023
2023-11-15,SEA,0.0025,11,2023
2023-11-16,SEA,0.005,11,2023
2023-11-17,SEA,0.0,11,2023
2023-11-18,SEA,0.09000000000000001,11,2023
2023-11-19,SEA,0.2275,11,2023
2023-11-20,SEA,0.015,11,2023
2023-11-21,SEA,0.0425,11,2023
2023-11-22,SEA,0.37666666666666665,11,2023
2023-11-23,SEA,0.0,11,2023
2023-11-24,SEA,0.0,11,2023
2023-11-25,SEA,0.0,11,2023
2023-11-26,SEA,0.0,11,2023
2023-11-27,SEA,0.0,11,2023
2023-11-28,SEA,0.0,11,2023
2023-11-29,SEA,0.0,11,2023
2023-11-30,SEA,0.048,11,2023
2023-12-01,SEA,0.466,12,2023
2023-12-02,SEA,0.694,12,2023
2023-12-03,SEA,0.25,12,2023
2023-12-04,SEA,0.366,12,2023
2023-12-05,SEA,2.71,12,2023
2023-12-06,SEA,0.8960000000000001,12,2023
2023-12-07,SEA,0.4,12,2023
2023-12-08,SEA,0.276,12,2023
2023-12-09,SEA,0.14800000000000002,12,2023
2023-12-10,SEA,0.5740000000000001,12,2023
2023-12-11,SEA,0.014000000000000002,12,2023
2023-12-12,SEA,0.0,12,2023
2023-12-13,SEA,0.0,12,2023
2023-12-14,SEA,0.14,12,2023
2023-12-15,SEA,0.025,12,2023
2023-12-16,SEA,0.0,12,2023
2023-12-17,SEA,0.0,12,2023
2023-12-18,SEA,0.0125,12,2023
2023-12-19,SEA,0.125,12,2023
2023-12-20,SEA,0.16999999999999998,12,2023
2023-12-21,SEA,0.0175,12,2023
2023-12-22,SEA,0.2775,12,2023
2023-12-23,SEA,0.595,12,2023
2023-12-24,SEA,0.006666666666666667,12,2023
2023-12-25,SEA,0.19666666666666666,12,2023
2023-12-26,SEA,0.6066666666666667,12,2023
2023-12-27,SEA,0.06333333333333334,12,2023
2023-12-28,SEA,0.24,12,2023
2023-12-29,SEA,0.05500000000000001,12,2023
2023-12-30,SEA,0.0425,12,2023
2023-12-31,SEA,0.05,12,2023
